Название;Адрес;Город
Антика;ул. Чкалова, 30, Борисоглебск;Борисоглебск
Дом Керамики;Пролетарская ул., 33, Борисоглебск;Борисоглебск
Мир керамики;Советская ул., 117, Борисоглебск;Борисоглебск
Стройидея;Матросовская ул., 131А, Борисоглебск;Борисоглебск
Керамика ТД Олимп;Пролетарская ул., 40Б, Борисоглебск;Борисоглебск
Хит Керамика;ул. 8-го съезда, 1, Борисоглебск;Борисоглебск
Kerama Marazzi;ул. Ленина, 201, Альметьевск;Альметьевск
Плитка;ул. Ризы Фахретдина, 32, Альметьевск;Альметьевск
Элител;ул. Защитников Отечества, 41, Альметьевск;Альметьевск
Керамическая плитка;ул. Юнуса Аминова, 24, Альметьевск;Альметьевск
СтройКомфорт;ул. Нефтяников, 18, Альметьевск;Альметьевск
Стройландия;ул. Ленина, 140, Альметьевск;Альметьевск
Гранд;ул. Гагарина, 32, п. г. т. Нижняя Мактама;Альметьевск
ТЕТдекор;ул. Герцена, 80А, Альметьевск;Альметьевск
Первый Фараон;ул. Шевченко, 48А, Альметьевск;Альметьевск
Keramo;ул. Комарова, 9, Балаково;Балаково
Мозаика;ул. Ленина, 33, Балаково;Балаково
Плитка;Вокзальная ул., 22/1, Балаково;Балаково
Плитка;Степная ул., 84/1, Балаково;Балаково
М2;ул. 30 лет Победы, 30/1, Балаково;Балаково
Стройландия;Саратовское ш., 76/3, Балаково;Балаково
Цемент, песок, плитка;ул. Братьев Захаровых, 7, Балаково;Балаково
Антика;Колхозная ул., 5, Балашов;Балашов
ОлимпСтрой Балашов;ул. Энтузиастов, 1, Балашов;Балашов
Студия керамической плитки;ул. 30 лет Победы, 84, Балашов;Балашов
Миг;Нефтяная ул., 26А, Балашов;Балашов
Строим Вместе;ул. Степана Разина, 23, Балашов;Балашов
Cersanit;ул. 30 лет Победы, 84, Балашов;Балашов
Оптовка плитки;ул. Константина Заслонова, 161А, Белгород;Белгород
Estima;ул. Белгородского Полка, 62, Белгород;Белгород
Дом керамики;Донецкая ул., 123, Белгород;Белгород
Керамида;Сумская ул., 168, Белгород;Белгород
Оптовка Плитки;ул. Луначарского, 70, Белгород;Белгород
Стокплитка;ул. Мичурина, 79Д, Белгород;Белгород
Терем;Восточная ул., 71, корп. 1, Белгород;Белгород
Ателье Плитки;Преображенская ул., 161, Белгород;Белгород
Строй Опт;ул. Константина Заслонова, 161, Белгород;Белгород
Окно в Европу;ул. Серафимовича, 66А, Белгород;Белгород
Интерио;просп. Богдана Хмельницкого, 62А, Белгород, Россия;Белгород
Оптовка Плитки № 1;Северная ул., 1А, микрорайон Таврово-1, село Таврово;Белгород
БРАВОкерамика;ул. Энергетиков, 2А, Белгород;Белгород
Kerama Marazzi;Восточная ул., 71, корп. 1, Белгород;Белгород
Оптовка Плитки;Шоссейная ул., 2, посёлок Дубовое;Белгород
Keramix;ул. Константина Заслонова, 163, Белгород;Белгород
Терем;Благодатная ул., 4Б, микрорайон Пригородный, посёлок Дубовое;Белгород
Титан-Строй;Сумская ул., 8, Белгород;Белгород
Плиткамания;Магистральная ул., 4Д, Белгород;Белгород
Laparet;Донецкая ул., 123, Белгород;Белгород
НикСтайл;ул. Губкина, 51, Белгород;Белгород
Керамика престиж;Сумская ул., 8, Белгород;Белгород
Keramix;Благодатная ул., 79, микрорайон Пригородный, посёлок Дубовое;Белгород
Европлитка;Архиерейская ул., 5, Белгород;Белгород
Лемана Про;ул. Щорса, 64Б, Белгород;Белгород
Италон;Лесная ул., 1И, посёлок Дубовое;Белгород
Стройресурс;ул. Зелёная Поляна, 11, Белгород;Белгород
Стройка Ру у дома;Ботаническая ул., 17, Белгород;Белгород
Laparet;пер. Михаила Ждановского, 2А, Белгород;Белгород
Сфера;ул. Щорса, 8Л, Белгород;Белгород
БелОпт;Корочанская ул., 132Д, Белгород;Белгород
Твой Дом;ул. 5 Августа, 31Б, корп. 1, Белгород;Белгород
Магазин Плиткамания;Парковый пер., 28, микрорайон Таврово-2, село Таврово;Белгород
Дом Плитки Арткера;ул. Константина Заслонова, 193, корп. 3, Белгород;Белгород
Академия плитки;Магистральная ул., 4Д, корп. 1, Белгород;Белгород
Плитка, ступени;ул. Энергетиков, 2А, Белгород;Белгород
Laparet;Шоссейная ул., 2, посёлок Дубовое;Белгород
Kerama Marazzi;Благодатная ул., 79, микрорайон Пригородный, посёлок Дубовое;Белгород
Дядюшка Плинтус;Магистральная ул., 4Д, корп. 1, Белгород;Белгород
Строительный гипермаркет;2-й пер. Декабристов, 10, Белгород;Белгород
Стройландия;Берёзовая ул., 1Б, посёлок Северный-Первый;Белгород
Allure Wood;просп. Богдана Хмельницкого, 62А, Белгород;Белгород
Брик Керамикс;Сумская ул., 8/1, Белгород;Белгород
Протэк;Рабочая ул., 2, Белгород;Белгород
Идеал Строй;Белгородский район, Тавровское сельское поселение, село Таврово, микрорайон Таврово-2;Белгород
Центр Строй;Шоссейная ул., 1А, микрорайон Таврово-4, село Таврово;Белгород
СтройДом;ул. Анвара Ягофарова, 2, корп. 1, Бугульма;Бугульма
Салон Керамикс;ул. 14 Павших, 8А, Бугульма;Бугульма
Центр плитки и сантехники;ул. Владимира Ленина, 49, Бугульма;Бугульма
Палитра;ул. Александра Герцена, 182, Бугульма;Бугульма
Laparet;ул. Владимира Ленина, 49, Бугульма;Бугульма
Proxima;ул. 1-я Линия, 18, Бузулук;Бузулук
Строим 56 Плитка;Объездная дорога, 37, Бузулук;Бузулук
Kerama Marazzi;Тополиная ул., 27, стр. 1, Бузулук;Бузулук
Строительный Бум;ул. Гая, 69, Бузулук;Бузулук
Стройландия;Московская ул., 10Д, Бузулук;Бузулук
Строительный бум;Краснознамённая ул., 1, посёлок Искра;Бузулук
Строймаркет;ул. 1-я Линия, 18, Бузулук;Бузулук
Строймастер;ул. 1-я Линия, 18, Бузулук;Бузулук
Керамир;Владимир;Владимир
Керамир Дисконт центр;Станционная ул., 2, Владимир;Владимир
Kerama Marazzi;ул. Горького, 94, Владимир;Владимир
Дом керамики;ул. Почаевский Овраг, 1, Владимир;Владимир
Найс Керамика;ул. Куйбышева, 26Ж, Владимир;Владимир
Плитка Про;Московское ш., 6А, Владимир;Владимир
Леди Керамика;ул. Горького, 27, Владимир;Владимир
Стройбат;Владимир;Владимир
Керамика Джаз;ул. Гастелло, 8А, Владимир;Владимир
Строительные материалы;Мещёрская ул., 9Б, Владимир;Владимир
СтройМир;ул. Лакина, 161А, Владимир;Владимир
Мосплитка;ул. Куйбышева, 28Е, Владимир;Владимир
Резка плитки;ул. Гастелло, 8А, Владимир;Владимир
Уютный ремонт;Опольевская ул., 1, корп. 29, Владимир;Владимир
Ремпланика;ул. Куйбышева, 28А/1, Владимир;Владимир
Дом Керамики;ул. Куйбышева, 28Е, Владимир;Владимир
Керамоград;Ноябрьская ул., 131, Владимир;Владимир
Аладдин;Станционная ул., 2, Владимир;Владимир
Италон;ул. Куйбышева, 28Е, Владимир;Владимир
Акваград;Ноябрьская ул., 131, Владимир;Владимир
Домикс;ул. Куйбышева, 28А/1, Владимир;Владимир
Лемана Про;Суздальский просп., 32, Владимир;Владимир
Имидж керамика;ул. Гастелло, 8А, Владимир;Владимир
Керамическая плитка;ул. Куйбышева, 26Ж, Владимир;Владимир
Торговый дом Ларин;ул. Куйбышева, 26Ж, Владимир;Владимир
Подкова;ул. Куйбышева, 28Е, Владимир;Владимир
ПроТепло33;Ноябрьская ул., 131, Владимир;Владимир
Laparet;ул. Куйбышева, 28Е, Владимир;Владимир
РезкаПлитки33;Мостостроевская ул., 12, Владимир;Владимир
Neodom;ул. Гастелло, 8А, Владимир;Владимир
Ступени из керамогранита;ул. Гастелло, 8Г, Владимир;Владимир
Сантехника-Онлайн;ул. Гастелло, 8А, Владимир;Владимир
Ремпланика;Промышленный пр., 20Б, Владимир;Владимир
Аладдин;ул. Куйбышева, 28А, Владимир;Владимир
Керамика Jazz;ул. Гастелло, 8А, Владимир;Владимир
Керамогранит;Ноябрьская ул., 131, Владимир;Владимир
Депо;ул. Куйбышева, 28А/1, Владимир;Владимир
ОТК Тандем;ул. Куйбышева, 26Ж, Владимир;Владимир
Строй Маркет;ул. Куйбышева, 26Д, Владимир;Владимир
Строительные материалы;Судогодское ш., 20, Владимир;Владимир
Студия интерьера Дизайн Керамика;Ленинградская ул., 150А, Вологда;Вологда
Kerama Marazzi;ул. Чехова, 27, Вологда;Вологда
Мастер Плиткин;Школьный пер., 2, Вологда;Вологда
Мосплитка;Ленинградская ул., 144, Вологда;Вологда
Керамическая плитка;ул. Преображенского, 28, корп. 6, Вологда;Вологда
Континент;ул. Горького, 129А, Вологда;Вологда
Kerama Marazzi;Окружное ш., 24, Вологда;Вологда
АПлайн;ул. Чернышевского, 147А, Вологда;Вологда
Neodom;ул. Чехова, 27, Вологда;Вологда
Идеи для дома;Окружное ш., 11А, Вологда;Вологда
Резка плитки;Некрасовский пер., 19, Вологда;Вологда
Стройландия;ул. Маршала Конева, 57, Вологда;Вологда
Kerama Marazzi;Окружное ш., 18, Вологда;Вологда
Керамогранит;Вологда, территория 6-й километр Ленинградского шоссе, 1Б;Вологда
Центр СМ;Вологда, территория 6-й километр Ленинградского шоссе, 1, стр. 4;Вологда
Лидер;ул. Преображенского, 28, корп. 1, Вологда;Вологда
Сантехника-Онлайн;Окружное ш., 18, Вологда;Вологда
Akcent;ул. Челюскинцев, 23, Вологда;Вологда
Строительный Альянс;Окружное ш., 18, Вологда;Вологда
Керамическая плитка;ул. Горького, 129А, Вологда;Вологда
КерамоГранит;д. Гришино, 41В;Вологда
Идея;ул. Маршала Конева, 24, Вологда;Вологда
Уральский Гранит;Электросигнальная ул., 9, Воронеж;Воронеж
Галерея керамики;Пеше-Стрелецкая ул., 28А, Воронеж;Воронеж
Estima;ул. Хользунова, 38/10, Воронеж;Воронеж
Спарк;ул. Хользунова, 60Б, Воронеж;Воронеж
Мика;ул. Димитрова, 120, Воронеж;Воронеж
Keramix;Ленинский просп., 22/1, Воронеж;Воронеж
Мир Керамики;Дорожная ул., 2, Воронеж;Воронеж
Отделка;ул. Димитрова, 156, Воронеж;Воронеж
Мика;Донбасская ул., 23А, Воронеж;Воронеж
Мика;ул. Хользунова, 3, Воронеж;Воронеж
Мир керамики;ул. Хользунова, 13, Воронеж;Воронеж
Kerama Marazzi;ул. Хользунова, 3, Воронеж;Воронеж
Veloria;Холмистая ул., 70, Воронеж;Воронеж
Вектор Керамика;Холмистая ул., 1Г, Воронеж;Воронеж
Мир керамики;Донбасская ул., 40, Воронеж;Воронеж
Ателье Плитки;Пеше-Стрелецкая ул., 44, Воронеж;Воронеж
Мир Керамики;Ленинский просп., 158/2, Воронеж;Воронеж
Фреска;бул. Победы, 50, Воронеж;Воронеж
Вакерамика;Ленинский просп., 172, Воронеж;Воронеж
Kerama Marazzi;Донбасская ул., 36, Воронеж;Воронеж
Престиж Керамика;Холмистая ул., 68, корп. 1, Воронеж;Воронеж
Воронежская керамика;ул. Конструкторов, 31, Воронеж;Воронеж
Лидер;Пеше-Стрелецкая ул., 56, Воронеж;Воронеж
Дом Плитки;Донбасская ул., 44, Воронеж;Воронеж
Престиж Керамика;Донбасская ул., 48, Воронеж;Воронеж
Салон Керамогранит Воронеж;Пеше-Стрелецкая ул., 9, Воронеж;Воронеж
Kerama Marazzi;Ленинградская ул., 30, Воронеж;Воронеж
Академия Керамики;Пеше-Стрелецкая ул., 58, корп. 3, Воронеж;Воронеж
Мика;Пеше-Стрелецкая ул., 83А, Воронеж;Воронеж
Искусство Керамики;Донбасская ул., 25, корп. 3, Воронеж;Воронеж
Мика;ул. Циолковского, 34, Воронеж;Воронеж
Сквирел имола;ул. Хользунова, 12, Воронеж;Воронеж
Перфекционист;Донбасская ул., 25, корп. 2, Воронеж;Воронеж
Италон;ул. Ворошилова, 1/6, Воронеж;Воронеж
ТехноТайл;пер. Отличников, 1Д, Воронеж;Воронеж
Гончарное ремесло;пер. Отличников, 1Б/1, Воронеж;Воронеж
Керамин-Черноземье;ул. Ленина, 56, Воронеж;Воронеж
Керамика-Волга;ул. Туполева, 5В, Воронеж;Воронеж
Neodom;ул. Урицкого, 10, Воронеж;Воронеж
Перфекционист;ул. Ломоносова, 58, Воронеж;Воронеж
Best керамика;Пеше-Стрелецкая ул., 20, Воронеж;Воронеж
Дизайн керамика;Донбасская ул., 18, корп. 2, Воронеж;Воронеж
Уральский гранит;ул. Фридриха Энгельса, 7А, Воронеж;Воронеж
Сантехника-Онлайн;ул. Героев Сибиряков, 2С, Воронеж;Воронеж
Керамика;Пеше-Стрелецкая ул., 83А, Воронеж;Воронеж
Союзкомплект;ул. Циолковского, 34, Воронеж;Воронеж
Kerama Marazzi;Донбасская ул., 23А, Воронеж;Воронеж
Клинкерплюс;Холмистая ул., 68, корп. 1, Воронеж;Воронеж
Нефрит-керамика;Пеше-Стрелецкая ул., 55, Воронеж;Воронеж
Атлас Конкорд;Пушкинская ул., 8, Воронеж;Воронеж
Керамика - сантехника;ул. Генерала Лизюкова, 56, Воронеж;Воронеж
Бомонд Porcelain;Донбасская ул., 18А, Воронеж;Воронеж
Ламинам;ул. Ворошилова, 1А, Воронеж;Воронеж
Neodom;Пеше-Стрелецкая ул., 28А, Воронеж;Воронеж
Ламинатика;Ленинский просп., 156Б, Воронеж;Воронеж
Аксон;Московский просп., 129/1, Воронеж;Воронеж
Granical;Пеше-Стрелецкая ул., 67, Воронеж;Воронеж
СтройСнаб;Волгоградская ул., 30/1, Воронеж;Воронеж
Плитка;Электронный пер., 17А, Воронеж;Воронеж
Neodom;Донбасская ул., 25, корп. 2, Воронеж;Воронеж
EliteКерамика;Ленинский просп., 158/2, Воронеж;Воронеж
Керамика-Центр;Пеше-Стрелецкая ул., 17, Воронеж;Воронеж
Врн Клинкер;Брянский пр., 3А, Воронеж;Воронеж
Город Комфорта;Солнечная ул., 12В, Воронеж;Воронеж
СТК Ладный Дом;Ленинградская ул., 35, Воронеж;Воронеж
С-керамика;Пеше-Стрелецкая ул., 28А, Воронеж;Воронеж
БауЗапад;Московский просп., 4, Воронеж;Воронеж
С-керамика;ул. Ворошилова, 1А, Воронеж;Воронеж
Керамо-гранит;Пеше-Стрелецкая ул., 12, Воронеж;Воронеж
Шахтинская плитка;Пеше-Стрелецкая ул., 37, Воронеж;Воронеж
Мастер Дом;Пеше-Стрелецкая ул., 28А, Воронеж;Воронеж
Лемана Про;Автодорожная ул., 11, посёлок Отрадное;Воронеж
Терем;Воронеж, Видеофон;Воронеж
Максидом;просп. Патриотов, 45Г, Воронеж;Воронеж
Ybc;Ростовская ул., 58/20, Воронеж;Воронеж
Керамическая плитка;Пеше-Стрелецкая ул., 37, Воронеж;Воронеж
Баусервис;Совхозная ул., 9А, село Бабяково;Воронеж
Лемана Про;Парковая ул., 5, посёлок Солнечный;Воронеж
Alma ceramica;Электронный пер., 17А, Воронеж;Воронеж
Профи;Пеше-Стрелецкая ул., 28А, Воронеж;Воронеж
Керамическая плитка;Пеше-Стрелецкая ул., 14, Воронеж;Воронеж
Слон;Донбасская ул., 16В, Воронеж;Воронеж
ExPoS products;ул. Артёма, 20Б, Воронеж;Воронеж
Обойный Дом;Холмистая ул., 1Г, Воронеж;Воронеж
Керамическая плитка;ул. Димитрова, 118, Воронеж;Воронеж
Обойный дом;Ленинский просп., 156Б, Воронеж;Воронеж
Твой Дом;Монтажный пр., 2, Воронеж;Воронеж
Komplekt Design;ул. Сакко и Ванцетти, 78А, Воронеж;Воронеж
Gracia;Пеше-Стрелецкая ул., 20, Воронеж;Воронеж
Обойный дом;Новосибирская ул., 13Б, Воронеж;Воронеж
Терем;ул. Строителей, 17, село Ямное;Воронеж
Строительные материалы;ул. Димитрова, 138, Воронеж;Воронеж
Гардарика;Дорожная ул., 1Б, село Новая Усмань;Воронеж
СтройХоз;ул. Ленина, 315, село Новая Усмань;Воронеж
ПлиткаЛаминат;ул. Ленина, 163, Вятские Поляны;Вятские Поляны
Геона;ул. Азина, 58, Вятские Поляны;Вятские Поляны
Я строю сам;ул. Ленина, 135, корп. 21, Вятские Поляны;Вятские Поляны
Мастер Марио;ул. Ленина, 135Б, Вятские Поляны;Вятские Поляны
Афоня;ул. Урицкого, 16, Вятские Поляны;Вятские Поляны
Центр Плитки;Свирская ул., 47/1, Димитровград;Димитровград
Твердый знак;ул. Куйбышева, 226, Димитровград;Димитровград
Портал;ул. Гончарова, 11, Димитровград;Димитровград
Laparet;ул. Куйбышева, 226, Димитровград;Димитровград
Кафель;Севастопольская ул., 2, Димитровград;Димитровград
Kerama Marazzi;Московская ул., 8, Дмитров;Дмитров
Крепёж центр;Профессиональная ул., 72, Дмитров;Дмитров
Мосплитка;Московская ул., 29, стр. 5, Дмитров;Дмитров
Керамическая плитка;село Внуково, 125А;Дмитров
Плитка;Берёзовая ул., 34, Дмитров;Дмитров
Плитка Подмосковья;Московская ул., 8, Дмитров;Дмитров
Строймаркет;Профессиональная ул., 100А, Дмитров;Дмитров
Стройматериалы;д. Елизаветино, 201, стр. 2;Дмитров
Плит Керамыч;ул. Ленина, 87, Железногорск;Железногорск
Keramix;ул. Энтузиастов, 10А, Железногорск;Железногорск
Испанская партия;Алексеевский пр., 1А, Железногорск;Железногорск
Мир обоев;ул. Ленина, 73, Железногорск;Железногорск
Много Плитки;Пригородная ул., 92, микрорайон Саввино, Балашиха;Железнодорожный
Керамика-Базар Лапарет Альтакера Делакора Неодом;Новослободская ул., 19А, д. Соболиха;Железнодорожный
Риан;Автозаводская ул., 50А, микрорайон Железнодорожный, Балашиха;Железнодорожный
Сантехника;Саввинская ул., 2А, микрорайон Саввино, Балашиха;Железнодорожный
Creto;Саввинская ул., 2А, микрорайон Саввино, Балашиха;Железнодорожный
Форвард Гранит;Лесопарковая ул., 14А, микрорайон Железнодорожный, Балашиха;Железнодорожный
СтройТракт;Пригородная ул., 92, микрорайон Саввино, Балашиха;Железнодорожный
Керамическая плитка;Московская область, городской округ Балашиха, деревня Соболиха;Железнодорожный
Салон сантехники № 1;Пригородная ул., 92, микрорайон Саввино, Балашиха;Железнодорожный
Svet-butik;Московская область, городской округ Балашиха, деревня Соболиха;Железнодорожный
Арт Керамика;ул. Карла Маркса, 22, Зеленодольск;Зеленодольск
Берёзка;просп. Строителей, 2, Зеленодольск;Зеленодольск
МагазинОтделочныхМатериалов;ул. Королёва, 14А, Зеленодольск;Зеленодольск
Лемана Про;Залесная ул., 150А, Казань;Зеленодольск
Экспресс плитка;Залесная ул., 140, Казань;Зеленодольск
Ивплитка;Пролетарская ул., 2, Иваново;Иваново
СтроимВместе;городской округ Иваново, Фрунзенский район, Рабфаковская улица, 17;Иваново
Забор37;Лежневская ул., 199Б, Иваново, Россия;Иваново
Мир плитки;ул. Куконковых, 126, Иваново;Иваново
Мосплитка;Октябрьская ул., 16, Иваново;Иваново
Гранд-Декор;Фабричный пр., 9, Иваново;Иваново
Мир плитки;ул. Красной Армии, 1, Иваново;Иваново
Италон;Октябрьская ул., 18, Иваново;Иваново
Kerama Marazzi;ул. Багаева, 53/9, Иваново;Иваново
ИВЛандия;ул. Тимирязева, 1, стр. 2, Иваново;Иваново
Laparet;ул. Куконковых, 144А, Иваново;Иваново
Центр строительных систем;Лежневская ул., 183, Иваново;Иваново
Домикс;ул. 8 Марта, 32, Иваново;Иваново
Ванные комнаты;ул. Смирнова, 46, Иваново;Иваново
Русплитка;Фабричный пр., 9, Иваново;Иваново
Парус;ул. Громобоя, 3, Иваново;Иваново
Пол-37.рф;ул. Наговицыной-Икрянистовой, 6А, Иваново;Иваново
Laparet;Лежневская ул., 183, Иваново;Иваново
Neodom;ул. Громобоя, 3, Иваново;Иваново
Аутлет Плитки;ул. Смирнова, 105, Иваново;Иваново
Laparet;ул. Красной Армии, 1, Иваново;Иваново
Гольфстрим;ул. Смирнова, 44А, Иваново;Иваново
Neodom;Фабричный пр., 9, Иваново;Иваново
СтроимВместе;пр. Красных Зорь, 2, корп. 3, Иваново;Иваново
Домикс;ул. Куконковых, 85А, Иваново;Иваново
Laparet;ул. Куконковых, 126, Иваново;Иваново
Tesser;ул. Куконковых, 144А, Иваново;Иваново
Керамическая плитка;ул. Куконковых, 58, Иваново;Иваново
Лемана Про;д. Дерябиха, 77;Иваново
Керамическая плитка;городской округ Иваново, Фрунзенский район, Рабфаковская улица, 17;Иваново
СтройЭкспо;Лежневская ул., 183А, Иваново;Иваново
АртСтрой;Рябиновая ул., 11А, д. Коляново;Иваново
Обои Плитка Декор;Ивановский район, Богданихское сельское поселение, территория Дерябихская, 1;Иваново
Лемана Про;Московская ул., 62, Истра;Истра
Верона Керамик;просп. Генерала Белобородова, 15А, Истра;Истра
Мосплитка;Московская ул., 56, Истра;Истра
Художественная Керамика;ул. Панфилова, 1, стр. 1, Истра;Истра
ЭкоПлитка;Московская ул., 56, Истра;Истра
Магазин Плитки;Шоссейная ул., 20А, посёлок Северный;Истра
Gudremont;Московская ул., 56, Истра;Истра
Арт-ари;Московская ул., 56А, Истра;Истра
Магазин обоев;Московская ул., 56, Истра;Истра
Плитка вентиляция;Московская ул., 56, Истра;Истра
Плитка;Ленинский просп., 16/1, Йошкар-Ола;Йошкар-Ола
Санплит;ул. Соловьёва, 26, Йошкар-Ола;Йошкар-Ола
Kerama Marazzi;ул. Воинов-Интернационалистов, 13А, Йошкар-Ола;Йошкар-Ола
Строй Град;ул. Йывана Кырли, 48, Йошкар-Ола;Йошкар-Ола
Атриум;ул. Лебедева, 59, Йошкар-Ола;Йошкар-Ола
Арт Грес;Козьмодемьянский тракт, 125, Йошкар-Ола;Йошкар-Ола
Сайвер;Советская ул., 121, Йошкар-Ола;Йошкар-Ола
Peronda;Первомайская ул., 78, Йошкар-Ола;Йошкар-Ола
Строй Арсенал;Ленинский просп., 49, Йошкар-Ола;Йошкар-Ола
Роникс;ул. Машиностроителей, 70, Йошкар-Ола;Йошкар-Ола
Интерио;ул. Строителей, 79А, Йошкар-Ола;Йошкар-Ола
Альфа;Первомайская ул., 78, Йошкар-Ола;Йошкар-Ола
Дели;Первомайская ул., 78, Йошкар-Ола;Йошкар-Ола
Брусчатка FM Потолки;ул. Карла Либкнехта, 13, Йошкар-Ола;Йошкар-Ола
Профрез12;Сернурский тракт, 4, Йошкар-Ола;Йошкар-Ола
Обои;ул. Палантая, 114, Йошкар-Ола;Йошкар-Ола
Аганим Керамика;Чистопольская ул., 20/12, Казань;Казань
Керамикс;просп. Ямашева, 93, Казань;Казань
СнабГрад;Тихорецкая ул., 6А, Казань;Казань
Барс;ул. Островского, 31, Казань;Казань
Центр Плитки;ул. Восстания, 129, Казань;Казань
Мегастрой;ул. Горьковское Шоссе, 28, Казань;Казань
Фаворит Керамики;ул. Маршала Чуйкова, 5, Казань;Казань
Лемана Про;ул. Оренбургский Тракт, 174, Казань;Казань
Лемана Про;ул. Фатыха Амирхана, 3, Казань;Казань
Дом Лента;просп. Победы, 141, корп. 2, Казань;Казань
Плитка Казани;просп. Победы, 206, Казань;Казань
Керамика Плюс Казань;ул. Восстания, 86А, Казань;Казань
Наша Плитка;ул. Сибирский Тракт, 47, Казань;Казань
Kerama Marazzi;Чистопольская ул., 26/5, Казань;Казань
Наша Плитка;просп. Ямашева, 15, Казань;Казань
Kerama Marazzi;ул. Ахтямова, 19, Казань;Казань
Наша плитка;ул. Братьев Касимовых, 35, Казань;Казань
Керамическая плитка;Техническая ул., 10, корп. 1, Казань;Казань
Плитка Даром;ул. Журналистов, 102Г, корп. 2, Казань;Казань
Плитка Казани;ул. Сибирский Тракт, 44Б, Казань;Казань
Art Centre;Петербургская ул., 64, Казань;Казань
Уральский гранит;ул. Нариманова, 68, Казань;Казань
Торговый Дом Керамика;ул. Сибирский Тракт, 34, корп. 12, Казань;Казань
Керам Маркет;ул. Нурсултана Назарбаева, 10, Казань;Казань
ГК Мегаполис;ул. Рахимова, 31А, Казань;Казань
МТ Дизайн;ул. Островского, 114, Казань;Казань
Volga Керамика;просп. Универсиады, 10, Казань;Казань
Пол Эксперт;просп. Ибрагимова, 83А, Казань;Казань
Дестра;просп. Ямашева, 37, Казань;Казань
Estima;ул. Сибгата Хакима, 51, Казань;Казань
Центр Керамики;ул. Журналистов, 34И, Казань;Казань
Арт Грес;ул. Петра Полушкина, 1, Казань;Казань
Kerama Marazzi;ул. Комиссара Габишева, 34, Казань;Казань
Lucido;ул. Марселя Салимжанова, 2В, Казань;Казань
Archskin;ул. Кави Наджми, 22А, Казань;Казань
Наша Плитка;просп. Победы, 230, Казань;Казань
Бери Пол;Даурская ул., 44Г, Казань;Казань
Магазин керамической плитки;просп. Победы, 100, Казань;Казань
Минкер;ул. Сибгата Хакима, 51, Казань;Казань
Мир плитки;просп. Победы, 139, корп. 2, Казань;Казань
Арткера;Техническая ул., 23А, Казань;Казань
Пиастрелла;Техническая ул., 17Д, Казань;Казань
Империя керамики;просп. Победы, 226А, Казань;Казань
Kerama Marazzi;ул. Гарифа Ахунова, 18, Казань;Казань
Ceramomarket.ru;ул. Мусина, 9, Казань;Казань
Домикс;просп. Ямашева, 93, Казань;Казань
Плитка;ул. Мамадышский Тракт, 30В, Казань;Казань
Плитка даром;ул. Оренбургский Тракт, 160, корп. 2, Казань;Казань
Мейли Керамика;Чистопольская ул., 88, Казань;Казань
ТД Мегаполис;Краснококшайская ул., 60, Казань;Казань
Kerranova;Краснококшайская ул., 60, Казань;Казань
Atlas Concorde;Петербургская ул., 64, Казань;Казань
Art Centre;ул. Восстания, 100, корп. 1060, Казань;Казань
Проф Рез;Казань, микрорайон Родины, территория ГСК Барс, 217;Казань
Алгрес;ул. Юлиуса Фучика, 82, Казань;Казань
Сткк;ул. Лебедева, 1, корп. 8, Казань;Казань
Геометрия;ул. Тази Гиззата, 10, Казань;Казань
Алессандро керамик, склад;1-я Владимирская ул., 108, корп. 4, Казань;Казань
Салон керамической плитки;Чистопольская ул., 60, Казань;Казань
Сантехмаркет;ул. Островского, 21/8, Казань;Казань
Плиточка;просп. Победы, 230, Казань;Казань
Laparet;ул. Сибирский Тракт, 34, корп. 12, Казань;Казань
Stroymix;просп. Альберта Камалеева, 34В, Казань;Казань
Экспресс плитка;Залесная ул., 140, Казань;Казань
Стройка City;пр. Яраткан, 1, Казань;Казань
Красиво будет;просп. Альберта Камалеева, 34В, Казань;Казань
Пазл;ул. Нурсултана Назарбаева, 35, корп. 1, Казань;Казань
Neodom;Меридианная ул., 4, Ново-Савиновский район, Казань;Казань
Neodom;ул. Сибгата Хакима, 51, Казань;Казань
Laparet;ул. Восстания, 86А, Казань;Казань
Компания Vitra;ул. Декабристов, 83, Казань;Казань
Главная комната;ул. Павлюхина, 99Б, Казань;Казань
Сатурн Строймаркет;Гвардейская ул., 53, стр. 2, Казань;Казань
Жан Пол Дверье;ул. Сибирский Тракт, 12А, Казань;Казань
Резка плитки;ул. Фатыха Амирхана, 62, Казань;Казань
Laparet;просп. Ямашева, 17, Казань;Казань
Держава Идей;просп. Ямашева, 93, Казань;Казань
Ре-студио;просп. Победы, 18Б, Казань;Казань
Nara Interiors;ул. Достоевского, 57, Казань;Казань
Дом сантехники и плитки;ул. Восстания, 129, Казань;Казань
Улица Строителей;Чистопольская ул., 33В, Казань;Казань
H2O profi;просп. Ямашева, 51А, Казань;Казань
Лемана Про;Залесная ул., 150А, Казань;Казань
Керамогранит;пр. Предпринимателей, 6, Казань;Казань
Рококо;ул. Братьев Касимовых, 35, Казань;Казань
Алмазная резка;Набережная ул., 4А, Казань;Казань
Индустрия Пола;ул. Сибгата Хакима, 51, Казань;Казань
Interio Room, склад;ул. Мусина, 9, Казань;Казань
СнабГрад;ул. Габдуллы Тукая, 115, Казань;Казань
Максидом;ул. Рихарда Зорге, 11А, Казань;Казань
Плитка;2-я Азинская ул., 7, Казань;Казань
Сантехника-Онлайн;просп. Ямашева, 46/33, Казань;Казань
Магия воды;Гвардейская ул., 54, Казань;Казань
Строй-Снаб;ул. Журналистов, 100, Казань;Казань
Новая Линия;ул. Салиха Батыева, 7, Казань;Казань
Romano;просп. Альберта Камалеева, 32Б, Казань;Казань
Домилит;пр. Созидателей, 9, Казань;Казань
Партнерторг;ул. Михаила Миля, 53, Казань;Казань
Татстол;ул. Чернышевского, 24/23, Казань;Казань
Плитка;ул. Островского, 107, Казань;Казань
Савиново;просп. Ямашева, 93, Казань;Казань
Доорс.рф;просп. Победы, 226, Казань;Казань
ТТЦ;пр. Предпринимателей, 6, Казань;Казань
Мосплитка;Чистопольская ул., 68, Казань;Казань
Colora;Гвардейская ул., 54/1, Казань;Казань
Строй-Снаб;1-я Владимирская ул., 106, Казань;Казань
СтройСистема;ул. Адоратского, 50А, корп. 3, Казань;Казань
Технотайл центр;пр. Хезмэт, 22, Казань;Казань
Сатурн Строймаркет;Складская ул., 5, Казань;Казань
Максидом;просп. Альберта Камалеева, 44, Казань;Казань
Карсервис;Республика Татарстан (Татарстан), Казань, производственно-логистический парк Вертелевка;Казань
Торговый Дом ЦСК;ул. Восстания, 100, корп. 4220, Казань;Казань
Усады Плитка;Счастливая ул., 14, село Усады;Казань
Купи кирпич;Центральная ул., 200, жилой массив Салмачи, Приволжский район, Казань;Казань
Линолеум & ламинат;ул. Журналистов, 101, Казань;Казань
Керамогранит39;ул. 9 Апреля, 88А, Калининград;Калининград
Пол Маркет;ул. Генерала Буткова, 20, корп. 1, Калининград;Калининград
Дали Керамика;ул. Генерал-фельдмаршала Румянцева, 11, Калининград;Калининград
Мир плитки;Большая Окружная ул., 5, Калининград;Калининград
Керасфера;ул. Габайдулина, 39А, Калининград;Калининград
Керасфера;ул. Юрия Маточкина, 2А, микрорайон Сельма, Ленинградский район, Калининград;Калининград
Дом индийской плитки;Камская ул., 63, корп. 2, Калининград;Калининград
Гауди Керамика;Зарайская ул., 5, Калининград;Калининград
Gres;Ялтинская ул., 66, корп. 2, Калининград;Калининград
Мегаполис;просп. Мира, 142, Калининград;Калининград
Мир плитки;ул. Богдана Хмельницкого, 119, Калининград;Калининград
Керамикс;Пехотная ул., 2А, Калининград;Калининград
Гиант-керамика;Нарвская ул., 112, Калининград;Калининград
Дом китайской плитки;Туруханская ул., 3А, посёлок Невское;Калининград
Салон плитки Труиз;Московский просп., 83А, Калининград;Калининград
Модуль Керамика;Зоологическая ул., 29, Калининград;Калининград
Модуль Керамика;ул. Молодой Гвардии, 34, корп. 4, Калининград;Калининград
Плитка;Портовая ул., 34, Калининград;Калининград
Керамикс;Калининград, Ленинградский район;Калининград
Кафель +;Октябрьская ул., 57, Калининград;Калининград
WoodRolls;ул. Профессора Баранова, 1, Калининград;Калининград
Элиткерамика;Московский просп., 48А, Калининград;Калининград
Italon;ул. Генерала Буткова, 20, корп. 1, Калининград;Калининград
Kerama Marazzi;ул. Юрия Маточкина, 2А, микрорайон Сельма, Ленинградский район, Калининград;Калининград
Kerama Marazzi;ул. Габайдулина, 39, Калининград;Калининград
Мегаполис;Камская ул., 65А, Калининград;Калининград
Ottinger;ул. 9 Апреля, 86А, Калининград;Калининград
Porcelanosa;Театральная ул., 35, Калининград;Калининград
Акваформ Style;Советский просп., 81, корп. 4, Калининград;Калининград
Лемана Про;Калининградская область, Гурьевский муниципальный округ, Приморское кольцо, 6;Калининград
Керамическая плитка;Калининградская область, Гурьевский муниципальный округ, посёлок Невское;Калининград
Хот Декор;Пражский бул., 2/1, Гурьевск;Калининград
J. С. House;просп. Мира, 69, Калининград;Калининград
Клинкер Стоун;Двинская ул., 89, Калининград;Калининград
Два брата;Цветущая ул., 5, Калининград;Калининград
Мегаполис;просп. Мира, 142, корп. 5, Калининград;Калининград
Термодизайн;ул. Космонавта Леонова, 5А, Калининград;Калининград
Дисконт-центр плитки и ламината;Большая Окружная ул., 5, Калининград;Калининград
Kare;Ленинский просп., 29, Калининград;Калининград
Bath Basics Boutique;ул. Молодой Гвардии, 34, Калининград;Калининград
Строительный гипермаркет;Камская ул., 65А, Калининград;Калининград
Строительные материалы;просп. Мира, 144Б, Калининград;Калининград
Империя Гибкий Кирпич;Калининградское ш., 10В, Гурьевск;Калининград
Профи;ул. Согласия, 2, Калининград;Калининград
Михалыч;ул. Красных Зорь, 18, Обнинск;Калужская обл
ПроКерамогранит;ул. Болдина, 87, корп. 2, Калуга;Калужская обл
Панга-Панга;ул. Цветкова, 1А, Обнинск;Калужская обл
Дом Керамики;Грабцевское ш., 18, Калуга;Калужская обл
Лемана Про;Грабцевское ш., 95, Калуга;Калужская обл
ЭкоПлитка;Киевское ш., 33, корп. 17, Обнинск;Калужская обл
Реал Керамика;ул. Победы, 16, Обнинск;Калужская обл
Дисконт-центр Керамогранита;Коммунальная ул., 5А, Балабаново;Калужская обл
Эталон;ул. Курчатова, 27В, Обнинск;Калужская обл
КерамоРум;Киевское ш., 59, Обнинск;Калужская обл
Керамика Люкс;Воскресенский пер., 29, стр. 1, Калуга;Калужская обл
Декор;ул. Жолио-Кюри, 5, Обнинск;Калужская обл
Керамическая плитка;Калуга, Ленинский округ;Калужская обл
Профессиональный керамогранит;Киевское ш., 59, Обнинск;Калужская обл
Уральский гранит;Коммунальная ул., 2, Балабаново;Калужская обл
Евротайл;Киевское ш., 33, корп. 17, Обнинск;Калужская обл
Северный;Киевское ш., 59, Обнинск;Калужская обл
Mg-Ceramic;Киевское ш., 11Б, Обнинск;Калужская обл
Русские гвозди;Грабцевское ш., 4Б, Калуга;Калужская обл
Kerama Marazzi;ул. Карла Либкнехта, 29, стр. 13, Калуга;Калужская обл
Салон Сантехники;Калужская область, Обнинск;Калужская обл
Домашний мастер;просп. Маркса, 130, Обнинск;Калужская обл
Белый дом;ул. Энергетиков, 3, Калуга;Калужская обл
Federiko;3-й Академический пр., 19, Калуга;Калужская обл
Керамическая плитка ламинат;площадь Ленина, 6А, Малоярославец;Калужская обл
Двина;ул. Щукина, 63, Брянск;Калужская обл
Галерея плитки;Береговая ул., 2Б, Серпухов;Калужская обл
Kerama Marazzi;ул. Демонстрации, 2, Тула;Калужская обл
Керамик стиль;Татарская ул., 47, Рязань;Калужская обл
Студия плитки;Зеленоград, к1824;Калужская обл
Плитка-77;ул. Островского, с42/1, Апрелевка;Калужская обл
Топкерам. ру;Олимпийский просп., 29, стр. 1, Мытищи;Калужская обл
Студия плитки;Наугорское ш., 5, Орёл;Калужская обл
Вебкерамик;Киевское шоссе, 22-й километр, 4, стр. 2, корп. В, район Солнцево, Западный административный округ, Москва;Калужская обл
Лакшери-плитка;Дмитровское ш., 108Б, стр. 1, Москва;Калужская обл
Много Плитки;Внуковская ул., 11, стр. 26, Одинцово;Калужская обл
Портал-Керамика НК;Первомайская ул., 79А, корп. 2, Новомосковск;Калужская обл
Много Плитки;Западная ул., с7А, рабочий посёлок Новоивановское;Калужская обл
Керамика;Центральная ул., 2/5, микрорайон Подрезково, Химки;Калужская обл
Лайт Керамика;ул. Трудовые Резервы, 52, корп. 3, Новомосковск;Калужская обл
Астракерамика;ул. Карла Маркса, 47, Электросталь;Калужская обл
Модагрес;Угрешская ул., 5А, Дзержинский;Калужская обл
Керамиум;Красноармейская ул., 128А, Брянск;Калужская обл
Italon;Приокский пер., 7, корп. 1, Ступино;Калужская обл
Рускерамика;Москва, Новомосковский административный округ, район Коммунарка, Киевское шоссе, 23-й километр, 8, стр. 1;Калужская обл
Мир плитки СерКо;Успенская ул., 32, Красногорск;Калужская обл
Дом плитки & паркета;Можайское ш., 55Б, стр. 1, село Юдино;Калужская обл
Салон плитки;Зеленоград, к514с2;Калужская обл
Иксплитка;Белозерская ул., 23Г, Москва;Калужская обл
КерамикМолл. ру;Спасская ул., 1А, Красногорск;Калужская обл
ПлиткА101. ру;ул. Полковника Милиции Курочкина, 1, микрорайон В, Троицк;Калужская обл
Плитка41км;Москва, Калужское шоссе, 32;Калужская обл
ИксПлитка;Салтыковская ул., 7Г, Москва;Калужская обл
Laparet;Калужское ш., 4, стр. 1, Москва;Калужская обл
КерамаМикс;Донинское ш., 20/А1, Раменское;Калужская обл
Estima;Бетонная ул., 1, Ногинск;Калужская обл
Мб Керамика;Краснинское ш., 10А, Смоленск;Калужская обл
Керам Маркет;д. Андреевское, 31, стр. 4;Калужская обл
Арткерамика М;Советская ул., 99, п. г. т. Нахабино;Калужская обл
PlitkaVR;ул. Ленина, 7А, п. г. т. Октябрьский;Калужская обл
Салон плитки;Ново-Никольская ул., 122, стр. 1, Красногорск;Калужская обл
Плитка Sdvk;МКАД, 2-й километр, 2, Реутов;Калужская обл
Керагрес;Лагерная ул., 20, рабочий посёлок Нахабино;Калужская обл
Мосплитка;просп. Юных Ленинцев, 41, Подольск;Калужская обл
СтройОптТорг;Сафоновский пер., 5А, Электроугли;Калужская обл
Много Плитки;Ильинское ш., 1А, Красногорск;Калужская обл
Плитка Всем;МКАД, 41-й километр, 4, стр. 29, Москва;Калужская обл
Керамогранит. ру, склад;ул. Лобачёва, 15, Подольск;Калужская обл
Дом керамики;ул. Катукова, 23, Липецк;Калужская обл
Мастер'Dom;ул. Циолковского, 7, Липецк;Калужская обл
Центр Керамики;Московская область, Ленинский городской округ, Варшавское шоссе, 21-й километр, с1;Калужская обл
Плитка, ТЦ Медведь;ул. Мосина, 2/4, Тула;Калужская обл
Kerama Marazzi;ул. 25 Сентября, 14/47, Смоленск;Калужская обл
Салон Керамической Плитки Cersanit;Керамическая ул., 3, Балашиха;Калужская обл
Ватра Керамика;ул. Пришвина, 26, Москва;Калужская обл
Салон плитки;Лунная ул., 11, микрорайон Западный, Домодедово;Калужская обл
Дом Плитки и Ламината;ул. Первостроителей, 2Г, Воскресенск;Калужская обл
Центр плитки;ул. Катукова, 23А, Липецк;Калужская обл
Керамин-Центр;Щёлковское ш., 5, стр. 1, Москва;Калужская обл
Керамик;площадь Славы, 4, Могилёв;Калужская обл
Лемана Про;Молодёжная ул., 15, микрорайон Климовск, Подольск;Калужская обл
Керамическая плитка на Крутом;ул. Ленина, 123, Орехово-Зуево;Калужская обл
Дом плитки;Нахимовский просп., 50, Москва;Калужская обл
Плитки.ру;Касимовское ш., 8, корп. 1, Рязань;Калужская обл
Atlas Concorde;ул. Мнёвники, 23, Москва;Калужская обл
Центр Плитки;ул. Гагарина, 85, Жуковский;Калужская обл
Алло-Плитка;МКАД, 25-й километр, вл4с3, Москва;Калужская обл
База Плитки;Береговая ул., 1, село Быково;Калужская обл
Гранитека про;Первомайская ул., 5, Красногорск;Калужская обл
Уральский гранит;Профсоюзная ул., 68, корп. 3, Москва;Калужская обл
Плитка Подмосковья;Московская ул., 14, посёлок Радужный;Калужская обл
Estima;Киевское шоссе, 22-й километр, 4, стр. 2, корп. Г, район Солнцево, Западный административный округ, Москва;Калужская обл
Домъ Керамики;просп. Кирова, 78, Коломна;Калужская обл
Дисконт-центр Керамогранита;Ленинградское шоссе, 29-й километр, вл1, Химки;Калужская обл
Tesser;Московская область, Домодедовское шоссе, 20Л, стр. 1;Калужская обл
Керамика-Плитка;Ленинградское ш., 376А, Москва;Калужская обл
Керамир;Благовещенская ул., 4А, Красногорск;Калужская обл
Италон;Староситненское ш., 32, Ступино;Калужская обл
Мир плитки;просп. Ленина, 38, Клинцы;Калужская обл
Керамика Русь;Нахимовский просп., 32, Москва;Калужская обл
Керамика-Базар Лапарет Альтакера Делакора Неодом;Новослободская ул., 19А, д. Соболиха;Калужская обл
МКМ Плитка;ул. Урицкого, 92, Орехово-Зуево;Калужская обл
МК Керамик;Советская ул., 64А5, Липецк;Калужская обл
КосмоПлитка;ул. Дмитрия Ульянова, 31, Москва;Калужская обл
ТД ГранТ ГраниТаганая;Научный пр., 12, Москва;Калужская обл
Гранд Мозаика;д. Калиново, 99;Калужская обл
Новая Плитка;просп. Астрахова, 11, Мытищи;Калужская обл
Керамир Дисконт центр;Станционная ул., 2, Владимир;Калужская обл
Много плитки;Тихорецкий бул., 1, стр. 70, Москва;Калужская обл
Липецк-керамика;ул. Катукова, 23, Липецк;Калужская обл
МаксалСтрой;ул. Карьер, с8, д. Чёрная Грязь;Калужская обл
33 Плитки;Московская область, городской округ Красногорск, территориальное управление Ильинское;Калужская обл
Керамическая плитка;Большая Тарасовская ул., 111, стр. 9, село Тарасовка;Калужская обл
Салон Плитка на Лесоторговой;Городская ул., 98Д, Орёл;Калужская обл
Мосплитка;ул. Ленина, 57, стр. 2, п. г. т. Октябрьский;Калужская обл
Плитка-тут.рф;ул. 9 Мая, 12Д, стр. 2, Химки;Калужская обл
Керамин;ул. Якубовского, 90, Могилёв;Калужская обл
Kerama Marazzi;Ярославское ш., 118, корп. Д, Мытищи;Калужская обл
Плитка Подмосковья;Молодёжная ул., 46, Одинцово;Калужская обл
Керамическая Плитка;ул. Волкова, 25/1, Орехово-Зуево;Калужская обл
Шоп-плитка.ру;Москва, Новомосковский административный округ, район Коммунарка, ТОГК Славянский Мир, ряд В, 10/3;Калужская обл
Kerama Marazzi;ул. Говорова, 83, Одинцово;Калужская обл
Терра;Нахимовский просп., 51, Москва;Калужская обл
Керамикмир;Сгонниковская ул., 4, стр. 1, д. Сгонники;Калужская обл
PlitkaPlus;Киевское шоссе, 22-й километр, 4, стр. 2, корп. Г, район Солнцево, Западный административный округ, Москва;Калужская обл
Kerama Marazzi;Киевское шоссе, 22-й километр, 4, стр. 2, корп. Г, район Солнцево, Западный административный округ, Москва;Калужская обл
Эко-керамика;Ленинский просп., 83, Москва;Калужская обл
Мосплитка;Дубининская ул., 40, Москва;Калужская обл
Оптовка Плитки;Универсальный пр., 3Г, Липецк;Калужская обл
Kerama Marazzi;Красноармейская ул., 130, Брянск;Калужская обл
МКМ Плитка;Северная ул., 9, Электросталь;Калужская обл
Студия метлахской плитки;Московская область, городской округ Красногорск, Пятницкое шоссе, 6-й километр, 55А;Калужская обл
Kerama Marazzi;Ленинградское ш., 112/1с3, Москва;Калужская обл
Керамин;ул. Бумагина, 21, Витебск;Калужская обл
БестПлитка;ул. Репина, 2/27, Химки;Калужская обл
А-Керамика;д. Челобитьево, вл4с1;Калужская обл
ДавКерамика;Инициативная ул., 8, Люберцы;Калужская обл
Ватра Керамика;Нахимовский просп., 30/43, Москва;Калужская обл
Мосплитка;ул. Свердлова, 27А, Павловский Посад;Калужская обл
Галерея керамики;Полевая ул., 15, Фрязино;Калужская обл
Ватра Керамика;Нижняя Сыромятническая ул., 10, стр. 3, Москва;Калужская обл
Плитка Buz;Московская область, городской округ Подольск, М-2 Крым, 36-й километр, с28;Калужская обл
Keramstore;ул. Бутаково, 4, Химки;Калужская обл
Сквирел;ул. Циолковского, 15, Липецк;Калужская обл
Ватра Керамика;Нахимовский просп., 24, стр. 1, Москва;Калужская обл
А-Керамика;Каширское ш., 19, корп. 1, Москва;Калужская обл
Мосплитка;Западная ул., 10, рабочий посёлок Новоивановское;Калужская обл
Империя керамики;Можайское ш., 24, Москва;Калужская обл
Плитка-Про;Коммунистическая ул., 25Г, корп. 6, Мытищи;Калужская обл
Керамоград;ул. Космонавта Волкова, 20, Москва;Калужская обл
Плитка Москвы;Октябрьская ул., 67, Москва;Калужская обл
Сквирел & Italon & Estima;ул. Дуки, 73, Брянск;Калужская обл
Kerama Marazzi;Ленинградский просп., 15, стр. 3, Москва;Калужская обл
Kerama Marazzi;Воскресенский пер., 5/9, Орёл;Калужская обл
Урбанист;Международная ул., 6, Красногорск;Калужская обл
ТеплоКерамо;Калужское ш., 4, стр. 1, Москва;Калужская обл
Kerama Marazzi;Пролетарский просп., 4, корп. 1, Щёлково;Калужская обл
Гранд Мозаика;ул. Марии Ульяновой, 17А, Москва;Калужская обл
Kerama Marazzi;Нахимовский просп., 50, Москва;Калужская обл
Строительный мир;Московский просп., 99линГ, Брянск;Калужская обл
Дельта Керамика;Силикатная ул., 36А, стр. 2, Мытищи;Калужская обл
Мосплитка;Ленинградское ш., 25, Москва;Калужская обл
Плитка Москвы;Волгоградский просп., 32, корп. 25, Москва;Калужская обл
Плитка Подмосковья;Московский просп., 57, корп. 3, Пушкино;Калужская обл
Kerama Marazzi;ул. Габричевского, 10, корп. 4, Москва;Калужская обл
Ватра Керамика;Ленинградское ш., 25, Москва;Калужская обл
Сквирел;Московский просп., 99, Брянск;Калужская обл
А-Керамика;Международная ул., 6, Красногорск;Калужская обл
Дон Керам;Нахимовский просп., 24, стр. 1, Москва;Калужская обл
М-Квадрат;Быковское ш., 55/1, рабочий посёлок Малаховка;Калужская обл
Актуальная плитка;Западная ул., с100, рабочий посёлок Новоивановское;Калужская обл
Плитка Подмосковья;ул. Гагарина, 41, Клин;Клин
Русплит;Новоямская ул., 3, Клин;Клин
Плитка & Обои;ул. Чайковского, 103, Клин;Клин
Клинская керамика;ул. Чайковского, 37, Клин;Клин
Арт Плитка;ул. Карла Маркса, 6, стр. 1, Клин;Клин
Домино;ул. Мира, 58/25, Клин;Клин
Лайн Керамик;ул. Напруговская Дорога, 6, Клин;Клин
Лемана Про;д. Борозда, 170/2;Клин
Руссмеси;ул. Чайковского, 91, Клин;Клин
Неохаус;Кинешемское ш., 13, Кострома;Кострома
Мастер Плиткин;Советская ул., 136А, Кострома;Кострома
Альфа Керамика;Магистральная ул., 43, Кострома;Кострома
Про Дизайн;Советская ул., 16, Кострома;Кострома
Kerama Marazzi;Никитская ул., 35, Кострома;Кострома
Магазин Мосплитка;ул. Сутырина, 3, Кострома;Кострома
Primavera;ул. Сутырина, 3, Кострома;Кострома
Италон;Советская ул., 16, Кострома;Кострома
Laparet;ул. Сутырина, 3, Кострома;Кострома
Омега;ул. Ерохова, 13/93, Кострома;Кострома
Дисма;ул. Юрия Смирнова, 89, Кострома;Кострома
Лемана Про;Красносельское ш., 3, посёлок Караваево;Кострома
Интерьерный Дом;ул. Сутырина, 3, Кострома;Кострома
Neodom;ул. Сутырина, 3, Кострома;Кострома
Борди;Галичская ул., 100/6, Кострома;Кострома
Облако + ботаника;Советская ул., 2/1, Кострома;Кострома
Дисма;ул. Юрия Смирнова, 89Б, Кострома;Кострома
Главснаб;ул. Ткачей, 7Г, Кострома;Кострома
Сантехника-Онлайн;ул. Сутырина, 3, Кострома;Кострома
Центр СМ;Зелёная ул., 8/1, Кострома;Кострома
Студия метлахской плитки;Московская область, городской округ Красногорск, Пятницкое шоссе, 6-й километр, 55А;Красногорск
КерамикМолл. ру;Спасская ул., 1А, Красногорск;Красногорск
Гранитека про;Первомайская ул., 5, Красногорск;Красногорск
Петровский строительный двор;Московская область, городской округ Красногорск, Новорижское шоссе, 26-й километр, с17;Красногорск
Мир плитки СерКо;Успенская ул., 32, Красногорск;Красногорск
1200x600.ru;ул. Циолковского, 17, микрорайон Райцентр, Красногорск;Красногорск
Много Плитки;Ильинское ш., 1А, Красногорск;Красногорск
Лига Керамики;Центральная ул., 6Б, стр. 1, д. Гольёво;Красногорск
Урбанист;Международная ул., 6, Красногорск;Красногорск
Kerama Marazzi;Ильинское ш., 1А, Красногорск;Красногорск
Ditiles.ru;Успенская ул., 4А, Красногорск;Красногорск
Лемана Про;бул. Строителей, 5Б, Красногорск;Красногорск
Kerama Marazzi;Благовещенская ул., 4А, Красногорск;Красногорск
Салон плитки;Ново-Никольская ул., 122, стр. 1, Красногорск;Красногорск
СтройДом;МКАД, 65-й километр, внешняя сторона, 1, Москва;Красногорск
Петрович;Московская область, городской округ Красногорск, М-9 Балтия, 26-й километр, 3;Красногорск
Италон-Индиго;Международная ул., 6, Красногорск;Красногорск
Керамир;Благовещенская ул., 4А, Красногорск;Красногорск
Клинкер. Маркет;Ильинское ш., 16, Красногорск;Красногорск
МаксалСтрой;Светлая ул., 3А, стр. 4, Красногорск;Красногорск
Дон Керам;Международная ул., 6, Красногорск;Красногорск
Мосплитрез;МКАД, 65-й километр, вл2А, Москва;Красногорск
Sal Sapiente;МКАД, 67-й километр, внешняя сторона, 67, Москва;Красногорск
Плитка;Первомайская ул., 5, Красногорск;Красногорск
Клинкер-Онлайн;Ильинское ш., 16, Красногорск;Красногорск
Проект;Международная ул., 6, Красногорск;Красногорск
Phomi;Московская область, городской округ Красногорск, Новорижское шоссе, 27-й километр;Красногорск
Лемана Про;Новорижское шоссе, 22-й километр, 1, стр. 5, Москва;Красногорск
Гриффон Стайл;просп. Маршала Жукова, 38, корп. 1, Москва;Красногорск
Плитка от Корсун;Ильинское ш., 1А, Красногорск;Красногорск
Атлас Групп;Спасская ул., 1А, Красногорск;Красногорск
Арткерамика М, склад;ул. Горем-28, 37, рабочий посёлок Нахабино;Красногорск
1000 Мелочей и стройтоваров;Волоколамское ш., 11/1, Красногорск;Красногорск
Stonexpo;Международная ул., 6, Красногорск;Красногорск
Арткерамика М;Советская ул., 99, п. г. т. Нахабино;Красногорск
ПрофРез;Московская область, городской округ Красногорск, территориальное управление Ильинское;Красногорск
Отделкино City;МКАД, 71-й километр, с16А, п. г. т. Путилково;Красногорск
Дас-строй;Международная ул., 6, Красногорск;Красногорск
Керамос;Волоколамское ш., 142, стр. 1, Москва;Красногорск
Керагрес;Советская ул., 115А, п. г. т. Нахабино;Красногорск
Creto;Московская область, городской округ Красногорск, Новорижское шоссе, 27-й километр, с1;Красногорск
Керагрес;Лагерная ул., 20, рабочий посёлок Нахабино;Красногорск
Дом Лента;Московская область, городской округ Красногорск, М-9 Балтия, 23-й километр, 2;Красногорск
33 Плитки;Московская область, городской округ Красногорск, территориальное управление Ильинское;Красногорск
Sal Sapiente;Международная ул., 6, Красногорск;Красногорск
Laparet;МКАД, 71-й километр, 16А, д. Путилково;Красногорск
Город Керамики;Московская область, городской округ Красногорск, Новорижское шоссе, 26-й километр, с21;Красногорск
Creto;Ильинский тупик, 1А, Красногорск;Красногорск
Neodom;Ильинское ш., 1А, Красногорск;Красногорск
Neodom;Московская область, городской округ Красногорск, Новорижское шоссе, 26-й километр, с1;Красногорск
Плитка и керамогранит;Московская область, городской округ Красногорск, Новорижское шоссе, 26-й километр, 5;Красногорск
Creto;Московская область, городской округ Красногорск, Новорижское шоссе, 26-й километр, с17;Красногорск
Ancientceramic;ул. Циолковского, 17, микрорайон Райцентр, Красногорск;Красногорск
Семикаракорская керамика;Московская область, городской округ Красногорск, М-9 Балтия, 23-й километр, 2;Красногорск
Astino;Московская область, городской округ Красногорск, Новорижское шоссе, 23-й километр, вл2с1;Красногорск
Плитка.сайт;посёлок Новый, с12;Красногорск
Резка керамогранита Ceramocut;ул. Генерала Белобородова, 46, стр. 6;Красногорск
Плитка-мир;Волоколамское ш., 103;Красногорск
Много Плитки;Московская область, городской округ Красногорск, Новорижское шоссе, 27-й километр, с1;Красногорск
Лига керамики;Московская область, городской округ Красногорск, Новорижское шоссе, 23-й километр, 9;Красногорск
Евротайл;Московская область, городской округ Красногорск, Новорижское шоссе, 26-й километр, с17;Красногорск
Про-плит. ру;Московская область, городской округ Красногорск, территориальное управление Ильинское;Красногорск
Территория плитки;Волоколамское ш., 103;Красногорск
Орнамент-Мск;Вокзальная ул., 35, Красногорск;Красногорск
Дисконт Керамика;просп. Маршала Жукова, 52;Красногорск
Glass & Stone;Московская область, городской округ Красногорск, Новорижское шоссе, 26-й километр, с13;Красногорск
Neodom;Московская область, городской округ Красногорск, Новорижское шоссе, 26-й километр, с3;Красногорск
Альянс Керамика;Волоколамское ш., 142, стр. 1;Красногорск
Plitka Official;д. Поздняково, 11;Красногорск
ЕвроГрупп;Московская область, городской округ Красногорск, Пятницкое шоссе, 6-й километр, 55А;Красногорск
Neodom;Ново-Никольская ул., 122, стр. 1, Красногорск;Красногорск
Neodom;Московская область, городской округ Красногорск, Новорижское шоссе, 26-й километр, 49;Красногорск
PogaTiles;Центральная ул., 5Д, д. Гольёво;Красногорск
Лига Керамики;Московская область, городской округ Красногорск, Новорижское шоссе, 26-й километр, с3;Красногорск
Керамическая плитка;Волоколамское ш., 103;Красногорск
Infinity Marble;Волоколамское ш., 142;Красногорск
Плитка камень;Волоколамское ш., 103;Красногорск
Стройплитказвен.рф;Московская область, городской округ Красногорск, территориальное управление Ильинское;Красногорск
Kerama Marazzi;Волоколамское ш., 71, корп. 2;Красногорск
Creto;Волоколамское ш., 103;Красногорск
Ceramstudio;ул. Василия Петушкова, 3, корп. 3, стр. 3;Красногорск
Отделкино City;Рублёвское ш., 62;Красногорск
ERange;Московская область, городской округ Красногорск, Новорижское шоссе, 26-й километр, 8, корп. 2;Красногорск
ЛофтКерамик;Московская область, городской округ Красногорск, село Николо-Урюпино, территория Лесная;Красногорск
Сантехкерам;2-я Лыковская ул., 63, корп. 1, стр. 3;Красногорск
Клинкер Холл;Московская область, городской округ Красногорск, Новорижское шоссе, 27-й километр, вл3;Красногорск
СуперСтрой;ул. Белобородова, 1, рабочий посёлок Нахабино;Красногорск
Кермика;д. Путилково, территория Гринвуд, с1;Красногорск
Вега;Советская ул., 90, корп. 1, рабочий посёлок Нахабино;Красногорск
Kerama Marazzi;Ленинградское ш., 112/1с3;Красногорск
Хозяин;Московская область, городской округ Красногорск, Пятницкое шоссе, 6-й километр, 55А;Красногорск
Элит Комплект;Центральная ул., 3, д. Гольёво;Красногорск
Kerama Marazzi;ул. Габричевского, 10, корп. 4;Красногорск
Mozaika.Msk;Московская область, городской округ Красногорск, Новорижское шоссе, 26-й километр, с3;Красногорск
Kerama Marazzi;просп. Маршала Жукова, 59;Красногорск
Атланта Керамика;ул. Кулакова, 20, стр. 1А;Красногорск
Абк-фасад;Московская область, городской округ Красногорск, Новорижское шоссе, 27-й километр, вл3;Красногорск
КЦ Старопетровское;Походный пр., 14;Красногорск
Новорижский рынок;Московская область, городской округ Красногорск, Новорижское шоссе, 26-й километр, с8;Красногорск
Арс-строй24;Московская область, городской округ Красногорск, Новорижское шоссе, 26-й километр, 3;Красногорск
Магия Керамика;Московская область, городской округ Красногорск, Новорижское шоссе, 26-й километр, с17;Красногорск
Башфасад;Рублёвское ш., 70, корп. 7;Красногорск
Строй тепло;Московская область, городской округ Красногорск, Новорижское шоссе, 26-й километр, с2;Красногорск
Топ-керамика;Сходненский тупик, 16, стр. 4;Красногорск
Композиция пространства;Волоколамское ш., 116, стр. 1;Красногорск
Строймаркет;Путилковское шоссе, 18Б;Красногорск
Ceramica Decor;ул. Свободы, 99, корп. 1;Красногорск
Аскоптстрой;МКАД, 65-й километр, вл420, Москва;Красногорск
СТС Керамика;ул. Свободы, 35, стр. 3;Красногорск
Таврост;Походный пр., 7;Красногорск
Eclat Ceramic;ул. Свободы, 99, корп. 1;Красногорск
СК Холдинг;Ленинградское ш., 69, корп. 1;Красногорск
Стройка-Альфа;ул. Маршала Прошлякова, 4, стр. 1;Красногорск
Керемет;Рублёвское ш., 151, корп. 2;Красногорск
Сантехника-Онлайн;Волоколамское ш., 116, стр. 1;Красногорск
Эв Строймаркет;Лётная ул., 95Б, корп. 2;Красногорск
Мастерская фотоплитки;ул. Свободы, 35, стр. 7;Красногорск
Cli-mart.ru;Рублёвское ш., вл2, Москва;Красногорск
ПСФ Контракт;МКАД, 60-й километр, 4А;Красногорск
Керамика и Клинкер;ул. Берзарина, 34, стр. 26;Красногорск
Италон;ул. Кирова, 141, микрорайон Центральный, Центральный внутригородской округ, Краснодар;Краснодар
Арткера;Уральская ул., 87/6, Краснодар;Краснодар
Арткера;ул. Ивана Шкабуры, 4, КП Близкий, Краснодар;Краснодар
Интеркам;Суздальская ул., 21/1, Краснодар;Краснодар
Laparet;ул. Ивана Шкабуры, 8, КП Близкий, Краснодар;Краснодар
КрасКера;Московская ул., 79/3, Краснодар;Краснодар
Гидроспецтехнологии;ул. Вишняковой, 1Б, микрорайон Черёмушки, Центральный внутригородской округ, Краснодар;Краснодар
Аквамир;Уральская ул., 77/7, Краснодар;Краснодар
Аквамир;Северная ул., 320, Краснодар;Краснодар
Аквамир;ул. Ивана Шкабуры, 4, КП Близкий, Краснодар;Краснодар
Керамол;ул. Селезнёва, 89, Краснодар;Краснодар
Квадрат;Московская ул., 69А, Краснодар;Краснодар
Plitka-sdvk;Кореновская ул., 49, Краснодар;Краснодар
Tesser;ул. Красных Партизан, 210, Краснодар;Краснодар
Максанн;ул. Фрунзе, 186, корп. 2, микрорайон Центральный, Краснодар;Краснодар
КаFFель;Уральская ул., 126А, Краснодар;Краснодар
Терра;Октябрьская ул., 15/1, микрорайон Центральный, Центральный внутригородской округ, Краснодар;Краснодар
Бомонд;ул. Лизы Чайкиной, 2, микрорайон Хлопчато-бумажный Комбинат, Карасунский внутригородской округ, Краснодар;Краснодар
Шахтинская плитка;Старокубанская ул., 141/1, Краснодар;Краснодар
Каffель;Новороссийская ул., 216/5, Краснодар;Краснодар
Kerama Marazzi;ул. Тургеневское ш., 25/4, аул Новая Адыгея;Краснодар
Рим керамика;ул. Героев-Разведчиков, 12/1, Краснодар;Краснодар
Ceramic;Северная ул., 320/1, Краснодар;Краснодар
Декор&Плитка;ул. Володи Головатого, 292, Краснодар;Краснодар
Маруся;Уральская ул., 87, Краснодар;Краснодар
Тесоро;Автомобильная ул., 3, Прикубанский внутригородской округ, Краснодар;Краснодар
Каffель;Российская ул., 269/5, Краснодар;Краснодар
Русплитка;Сталинградская ул., 1, КП Николино Парк, Краснодар;Краснодар
Парк Керамики;Ростовское ш., 23/2, Краснодар;Краснодар
Терра;Уральская ул., 71, корп. 1, Краснодар;Краснодар
Laparet;ул. Селезнёва, 191/1, Краснодар;Краснодар
Laparet;Кореновская ул., 49, Краснодар;Краснодар
Global Tile ;Автомобильная ул., 3, Прикубанский внутригородской округ, Краснодар;Краснодар
Керам Маркет;Бульварная ул., 2/2, Краснодар;Краснодар
Meggres;ул. Кирилла Россинского, 15, Краснодар;Краснодар
Kerama Marazzi;ул. имени 40-летия Победы, 15/1, Краснодар;Краснодар
Laparet;2-й Севастопольский пр., 17, микрорайон Центральный, Краснодар;Краснодар
КаFFель;ул. Тургеневское ш., 10А, аул Новая Адыгея;Краснодар
Реставрация;ул. Бабушкина, 146, Краснодар;Краснодар
Империя керамики;Уральская ул., 95/1, Краснодар;Краснодар
КерАлайн;Симферопольская ул., 50/1, Краснодар;Краснодар
Квадратура;Ставропольская ул., 183Б, Краснодар;Краснодар
Лемана Про;ул. Александра Покрышкина, 5, Краснодар;Краснодар
Бауцентр;ул. Селезнёва, 4, Краснодар;Краснодар
Керамиа;Суздальская ул., 21/1, Краснодар;Краснодар
Лемана Про;Новороссийская ул., 234/1, Краснодар;Краснодар
Abgres;Уральская ул., 75/1, Краснодар;Краснодар
Резка плитки;ул. 1 Мая, 405, Краснодар;Краснодар
SotGres.ru;Подсолнечная ул., 2, микрорайон Табачная Фабрика, Краснодар;Краснодар
АВ Керамик;Московская ул., 40/2, Краснодар;Краснодар
Italon;ул. Бабушкина, 248, Краснодар;Краснодар
Терра;9-я Тихая ул., 146, Краснодар;Краснодар
Mg-ceramic;Российская ул., 394, Краснодар;Краснодар
КерАлайн;ул. Ивана Шкабуры, 4, КП Близкий, Краснодар;Краснодар
Керамогранит центр;ул. Фрунзе, 153/1, микрорайон Центральный, Краснодар;Краснодар
Арви;ул. имени Тургенева, 86/2, Краснодар;Краснодар
Про Керамика;2-я Ямальская ул., 43, Краснодар;Краснодар
КерамоПро;Железнодорожная ул., 2А, посёлок Дружелюбный;Краснодар
Laparet;Сталинградская ул., 1, коттеджный посёлок Николино Парк, Краснодар;Краснодар
Agape;Московская ул., 69А, Краснодар;Краснодар
Ceramika23;ул. Кирилла Россинского, 12, Краснодар;Краснодар
Бауцентр;Ростовское ш., 28/7, Краснодар;Краснодар
Форматил;Уральская ул., 75/1к1, Краснодар;Краснодар
Avzv. art;ул. Красных Партизан, 471, Краснодар;Краснодар
Онда;Московская ул., 69А, Краснодар;Краснодар
Плиткер;ул. Кирова, 153, микрорайон Центральный, Краснодар;Краснодар
Моз-Кера;Симферопольская ул., 48, Краснодар;Краснодар
Идеал-Керамика;ул. имени Тургенева, 91, Краснодар;Краснодар
Эталон;Северная ул., 320, Краснодар;Краснодар
Краснодар-Керамика;ул. Ивана Шкабуры, 8, коттеджный посёлок Близкий, Краснодар;Краснодар
Лемана Про;ул. Тургеневское ш., 27/1, аул Новая Адыгея;Краснодар
Терра;Восточный обход Краснодара, 239, Краснодар;Краснодар
Bon. ton;ул. Бабушкина, 285, Краснодар;Краснодар
Плитка и Керамогранит;ул. Красных Партизан, 1Б, Краснодар;Краснодар
Роял Тайл;ул. Красных Партизан, 108, Краснодар;Краснодар
Лапарет;Автомобильная ул., 3, Прикубанский внутригородской округ, Краснодар;Краснодар
Керамогранит;ул. Фрунзе, 184, микрорайон Центральный, Краснодар;Краснодар
Керамос;ул. Кирова, 153, микрорайон Центральный, Краснодар;Краснодар
Сангресс;ул. Северная Дамба, 4, аул Новая Адыгея;Краснодар
Бона Фортуна;ул. Тургеневское Шоссе, 34В, п. г. т. Яблоновский;Краснодар
Виво;Промышленная ул., 1, аул Новая Адыгея;Краснодар
Танаис-Юг;Большевистская ул., 286/1, микрорайон Северный, Краснодар;Краснодар
Сантехника-Онлайн;ул. Котовского, 85, микрорайон Центральный, Центральный внутригородской округ, Краснодар;Краснодар
Мирсант;Ростовское ш., 30/3, Краснодар;Краснодар
Керамика;ул. имени Калинина, 456/1, Краснодар;Краснодар
Керамогранит;ул. Кирова, 141, микрорайон Центральный, Центральный внутригородской округ, Краснодар;Краснодар
Фактура Керамика;Московская ул., 69/14, Краснодар;Краснодар
Терра;Московская ул., 69А, Краснодар;Краснодар
Керамодар;Уральская ул., 212/20, Краснодар;Краснодар
Веран;ул. Стасова, 186, Краснодар;Краснодар
CeramicGroup;ул. Бабушкина, 289/1, Краснодар;Краснодар
Атлас-НТС;Московская ул., 69А, Краснодар;Краснодар
Грани Таганая;Новороссийская ул., 250, Краснодар;Краснодар
КЦ Старопетровское;Московская ул., 5А, Краснодар;Краснодар
Phomi Russia;Автомобильная ул., 3, Прикубанский внутригородской округ, Краснодар;Краснодар
Керрум;Северная ул., 466/1, Краснодар;Краснодар
Мирсант;Российская ул., 496, Краснодар;Краснодар
Ламор керамика;ул. имени Демуса М.Н., 20/1к2, Краснодар;Краснодар
Alma Ceramica;Клеверная ул., 2/4, жилая зона Отделение № 1 ОПХ КНИИСХ, Краснодар;Краснодар
Вираж;Северная ул., 446, Краснодар;Краснодар
ForYou;Ростовское ш., 23/1, Краснодар;Краснодар
Плитка;ул. Кирова, 151, микрорайон Центральный, Центральный внутригородской округ, Краснодар;Краснодар
ДонПлитка;Уральская ул., 212/9, Краснодар;Краснодар
Ami ceramica;ул. Кирова, 145, микрорайон Центральный, Краснодар;Краснодар
Баупродукт;Сормовская ул., 3/1, Краснодар;Краснодар
Мирсант;Уральская ул., 212/13, Краснодар;Краснодар
Арго Керамик;Уральская ул., 212/9, Краснодар;Краснодар
Amana group;Аэродромная ул., 4, Краснодар;Краснодар
Vector;ул. Вишняковой, 3/5, микрорайон Черёмушки, Центральный внутригородской округ, Краснодар;Краснодар
ЭкоПол23;Российская ул., 345/2, посёлок Калинино, Краснодар;Краснодар
Партнер-Сибирь;Уральская ул., 126А, Краснодар;Краснодар
Keramika & Gres;Уральская ул., 144В, Краснодар;Краснодар
Студия керамики;Уральская ул., 138/4, Краснодар;Краснодар
Плиткер;ул. Фрунзе, 176, микрорайон Центральный, Центральный внутригородской округ, Краснодар;Краснодар
Комплектация +;Московская ул., 5, корп. 1, Краснодар;Краснодар
Сантехром;Магистральная ул., 1, микрорайон Камвольно-суконный Комбинат, Карасунский внутригородской округ, Краснодар;Краснодар
Арткера;Кореновская ул., 49, Краснодар;Краснодар
Фактура Керамика;Московская ул., 69, лит.П, Краснодар;Краснодар
DeART;Рашпилевская ул., 228, Краснодар;Краснодар
Мозаика;ул. Фрунзе, 178, микрорайон Центральный, Центральный внутригородской округ, Краснодар;Краснодар
Кафель-строй;ул. Володи Головатого, 292, Краснодар;Краснодар
Керамическая плитка;ул. Фрунзе, 176, микрорайон Центральный, Центральный внутригородской округ, Краснодар;Краснодар
Вираж;ул. имени В.Н. Мачуги, 174, Краснодар;Краснодар
Интерьер Store;ул. Бабушкина, 289/1, Краснодар;Краснодар
Декор;ул. Кропоткина, 50/1, Краснодар;Краснодар
Кпд-декор;ул. Академика Павлова, 64, микрорайон Дубинка, Центральный внутригородской округ, Краснодар;Краснодар
ProfiMax;Уральская ул., 102/1, Краснодар;Краснодар
БауЗапад;Ялтинская ул., 14, микрорайон Хлопчато-бумажный Комбинат, Карасунский внутригородской округ, Краснодар;Краснодар
Уралкерамика;Новороссийская ул., 57, Краснодар;Краснодар
Керамическая плитка;ул. Фрунзе, 184/1, микрорайон Центральный, Центральный внутригородской округ, Краснодар;Краснодар
Сантехника Тут;ул. Ивана Шкабуры, 8, коттеджный посёлок Близкий, Краснодар;Краснодар
100 Керамик;Российская ул., 496, Краснодар;Краснодар
Тимкерам;ул. Скульптора Коломойцева, 89, посёлок Лекраспром, посёлок Берёзовый;Краснодар
Бобер;ул. Западный Обход, 38 А, Краснодар;Краснодар
Мосплитка;ул. Скульптора Коломойцева, 71, посёлок Лекраспром, посёлок Берёзовый;Краснодар
CeramoStudio;Лимонная ул., 6, СТ Кубань;Краснодар
Аквамир;Российская ул., 496, Краснодар;Краснодар
Мирсант;Уральская ул., 77/7, Краснодар;Краснодар
Pro. керамогранит;Мандариновая ул., 13, садовое товарищество Кубань;Краснодар
Casastone;ул. Фрунзе, 186/1, микрорайон Центральный, Центральный внутригородской округ, Краснодар;Краснодар
Материал Гроуп;Российская ул., 394, Краснодар;Краснодар
Архимаг;Кубанская ул., 1, садовое товарищество Медик, Краснодар;Краснодар
Универсал;Индустриальная ул., 111, микрорайон Центральный, Краснодар;Краснодар
Раковины из керамогранита;Вологодская ул., 20, Краснодар;Краснодар
XL Egger;Кожевенная ул., 91, Западный внутригородской округ, Краснодар;Краснодар
Керадор;Новороссийская ул., 220Д, Краснодар;Краснодар
Uniceramix;Ростовское ш., 23, Краснодар;Краснодар
Дом Лента;Крылатая ул., 2, жилой массив Пашковский, Краснодар;Краснодар
Строймаркет;Казбекская ул., 14, микрорайон Солнечный, Фестивальный микрорайон, Краснодар;Краснодар
Black Rhino;ул. имени Демуса М.Н., 10, Краснодар;Краснодар
Valles.ru;Зиповская ул., 5, лит.Б, микрорайон Завод Измерительных Приборов, Краснодар;Краснодар
Меркурий;Северная ул., 320, Краснодар;Краснодар
Мир Ванн;Сормовская ул., 12Е, Краснодар;Краснодар
Краснодарская Торговая Компания;Промышленная ул., 3, аул Новая Адыгея;Краснодар
Грани Таганая;Милютинская ул., 11, посёлок Индустриальный;Краснодар
Кварцвиниловая плитка;ул. Красных Партизан, 501, Краснодар;Краснодар
Мапеи центр;ул. Фрунзе, 186, корп. 2, микрорайон Центральный, Краснодар;Краснодар
ВОГ-Кубань;Уральская ул., 75, корп. 1, Краснодар;Краснодар
Мирсант;9-я Тихая ул., 146, Краснодар;Краснодар
Сантехника-Онлайн;1-й Лучистый пр., 2/1, Краснодар;Краснодар
Декор & Плитка;ул. Фрунзе, 186, корп. 2, микрорайон Центральный, Краснодар;Краснодар
Affetto;Северная ул., 320, Краснодар;Краснодар
Home decor;ул. Фрунзе, 176, микрорайон Центральный, Центральный внутригородской округ, Краснодар;Краснодар
R-Store;ул. имени 40-летия Победы, 129/2, Краснодар;Краснодар
Супермаркет кирпича и фасадов;Уральская ул., 85, Краснодар;Краснодар
Инструменты для малярных и плиточных работ;Московская ул., 124, Краснодар;Краснодар
Партнерторг;ул. имени Калинина, 76, Краснодар;Краснодар
Гранитея;Уральская ул., 126литЗ/4, Краснодар;Краснодар
4 Ворк;Воронежская ул., 47/10, Краснодар;Краснодар
Джет-Керамик;ул. Связи, 11Б, п. г. т. Яблоновский;Краснодар
Декор;ул. Володи Головатого, 292, Краснодар;Краснодар
Sdvk;Кореновская ул., 10/5, Краснодар;Краснодар
Mozaik;ул. имени Тургенева, 56, Краснодар;Краснодар
Элток;ул. Фрунзе, 157, микрорайон Центральный, Краснодар;Краснодар
Рич Комфорт;ул. Красных Партизан, 499, Краснодар;Краснодар
Строй-Сейл;Ореховая ул., 182, садовое товарищество Лесник, Краснодар;Краснодар
Аквамир;ул. Тургеневское ш., 25/4, аул Новая Адыгея;Краснодар
Delvani;Почтовая ул., 234, жилой массив Пашковский, Краснодар;Краснодар
Атмосфера керамики;Малиновая ул., 8/1, СТ Кубань;Краснодар
Клинкер;ул. Кирова, 153, микрорайон Центральный, Центральный внутригородской округ, Краснодар;Краснодар
Аквамир;Майский пр., 16/2, Краснодар;Краснодар
ПрофРез Керамик;Престижная ул., 23, дачное некоммерческое товарищество Рублёвский-2;Краснодар
Агро-Максимум;Ставропольская ул., 336/6, Краснодар;Краснодар
Кухни;ул. Фрунзе, 186/1, микрорайон Центральный, Центральный внутригородской округ, Краснодар;Краснодар
Студия декора & керамики;ул. Кирова, 151, микрорайон Центральный, Краснодар;Краснодар
Стиль Керамика;ул. Тургеневское Шоссе, 2/2Б, п. г. т. Яблоновский;Краснодар
Принеси Подай;ул. Стасова, 182Б, Краснодар;Краснодар
Профимолл;ул. Тургеневское ш., 20/1Б, аул Новая Адыгея;Краснодар
Ремонт 365;Северная ул., 1/7, станица Старокорсунская;Краснодар
Камни и Вода;Шоссейная ул., 68/3, п. г. т. Яблоновский;Краснодар
Керасклад;ул. Северная Дамба, 9, аул Новая Адыгея;Краснодар
СтройХозМаг;2-я Ямальская ул., 43, Краснодар;Краснодар
A-Ceramica;Республика Адыгея (Адыгея), Тахтамукайский район, Шапсугское шоссе, 3/10;Краснодар
СтройМомент;Богатырская ул., 21, Краснодар;Краснодар
Альфа Строй;Краснодар, микрорайон Северный;Краснодар
Маркет;Красноармейская ул., 103, микрорайон Центральный, Краснодар;Краснодар
Керамаркет;городской округ Краснодар, хутор Ленина, территория МТФ-1;Краснодар
Конструктор;Дорожный пер., 4, посёлок Индустриальный;Краснодар
Инвесткерамик;Краснодар;Краснодар
Южнороссийский центр дверей и напольных покрытий;ул. Фрунзе, 188/1, микрорайон Центральный, Краснодар;Краснодар
Эверест;Евдокимовская ул., 33/1, посёлок Индустриальный;Краснодар
Грани Таганая;Адмиралтейский бул., 1, аул Козет;Краснодар
Про Тепло;городской округ Краснодар, посёлок Дружелюбный;Краснодар
Winer-group;Республика Адыгея (Адыгея), Тахтамукайский район, Старобжегокайское сельское поселение, Шапсугское шоссе, 32;Краснодар
Профи;Ростовское ш., 28/7, Краснодар;Краснодар
Суздальский;Суздальская ул., 21, Краснодар;Краснодар
Алеа;Ейское ш., 50/1, посёлок Берёзовый;Краснодар
Стройматериалы;Бурейская ул., 21, посёлок Пригородный;Краснодар
Плитка;ул. Северная Дамба, 6/1, аул Новая Адыгея;Краснодар
СтройМаркет;ул. Ленина, 12А, станица Марьянская;Краснодар
Строительные материалы;ул. Ленина, 51/1, станица Марьянская;Краснодар
Чешский Двор;Северная ул., 63/5, станица Старокорсунская;Краснодар
XL;ул. Тургеневское ш., 13/1, аул Новая Адыгея;Краснодар
Сквирел;ул. 50 лет Октября, 141, Курск;Курск
Kerama Marazzi;ул. 50 лет Октября, 141, Курск;Курск
Kotto;ул. Бойцов 9-й Дивизии, 190А, Курск;Курск
Плит Керамыч;Литовская ул., 12А, корп. 6, Курск;Курск
Лемана Про;ул. Энгельса, 115Д/1, Курск;Курск
Дока Двери & Дока Дизайн;ул. Карла Либкнехта, 2, Курск, Россия;Курск
Алькера;просп. Вячеслава Клыкова, 3А, Курск;Курск
Майолика;просп. Победы, 2, Курск;Курск
Плит Керамыч;ул. Карла Маркса, 77М, Курск;Курск
Эстет Керамика;просп. Победы, 7А, Курск;Курск
Курский Двор;Магистральная ул., 1, Курск;Курск
Сквирел;ул. 50 лет Октября, 11, Курск;Курск
Toptile;Литовская ул., 10Б, Курск;Курск
Viva;ул. Ватутина, 20, Курск;Курск
Аква-керамика;1-я Орловская ул., 38А, Курск;Курск
Сквирел;ул. Ольшанского, 5, корп. 2, микрорайон Курского Завода Тракторных Запчастей, Курск;Курск
Керамиста;ул. 50 лет Октября, 141, Курск;Курск
Живая керамика;ул. Радищева, 18, Курск;Курск
Керамогранит;ул. Дзержинского, 62, Курск;Курск
СтройГигант;ул. Косухина, 51, микрорайон Северо-Западный, Курск;Курск
Стройресурс;ул. Дубровинского, 131, Курск;Курск
Наш Дом;2-й Малиновый пер., 5А, Курск;Курск
База Строитель;Республиканская ул., 9, Курск;Курск
Салон керамогранита Чёрный квадрат;пр. Энгельса, 26, Курск;Курск
Keramix;ул. Чайковского, 75, Курск;Курск
Neodom;2-й Малиновый пер., 5А, Курск;Курск
Дельфин;ул. Ватутина, 20, Курск;Курск
АртАльянс;ул. Дзержинского, 65/2, Курск;Курск
СтройГигант;ул. Карла Маркса, 79А, Курск;Курск
СтАрт;ул. Энергетиков, 2Б/1, Курск;Курск
Керама Марацци;ул. 50 лет Октября, 141, Курск;Курск
Эклектика;ул. Павлуновского, 112, Курск;Курск
СтройГигант;просп. Кулакова, 144, Курск;Курск
Мастер-Крепёж;просп. Вячеслава Клыкова, 8, Курск;Курск
СтройСнаб;Магистральный пр., 34Б, Курск;Курск
АRTкомната;Советская ул., 12, Курск;Курск
Терраццо Групп;просп. Кулакова, 110, Курск;Курск
Магазин сантехники;Литовская ул., 10А, Курск;Курск
Bello Керамика;просп. Анатолия Дериглазова, 17Б, Курск;Курск
Урбанист;Студенческая ул., 10, Санкт-Петербург;Ленинградская обл
Урбанист;ул. Фучика, 9, Санкт-Петербург;Ленинградская обл
Урбанист;Железноводская ул., 3, Санкт-Петербург;Ленинградская обл
Novoceramica;Лиговский просп., 200, Санкт-Петербург;Ленинградская обл
Петрович;Ленинградская область, Всеволожский район, Свердловское городское поселение, 12-13 километр шоссе Кола, 3;Ленинградская обл
Петрович;Московское ш., 304, посёлок Шушары;Ленинградская обл
Elementile;Заречная ул., 15, корп. 1, посёлок Парголово;Ленинградская обл
Ларакерамика;Большой Сампсониевский просп., 70, Санкт-Петербург;Ленинградская обл
Музей Керамики;Планерная ул., 59, Санкт-Петербург;Ленинградская обл
Музей керамики;ул. Типанова, 21, Санкт-Петербург;Ленинградская обл
Мастер;наб. Обводного канала, 92, Санкт-Петербург;Ленинградская обл
Эксима;Новолитовская ул., 15, Санкт-Петербург;Ленинградская обл
Плитказавр.ru;Ждановская ул., 45, Санкт-Петербург;Ленинградская обл
Керомаг;Полевая Сабировская ул., 54, Санкт-Петербург;Ленинградская обл
СПбСНАБ;Бассейная ул., 37, Санкт-Петербург;Ленинградская обл
Плитбург;Заводская ул., 37, городской посёлок Янино-1;Ленинградская обл
КапРемонт.рф;ул. Рядового Леонида Иванова, 2Г, городской посёлок Кузьмоловский;Ленинградская обл
Нефрит-Керамика;Отрадненское ш., 3, Никольское;Ленинградская обл
Меркадо;г. Тельмана, 2Б;Ленинградская обл
Керамикс;Петергофское ш., 45, Санкт-Петербург;Ленинградская обл
Арт Керамика;просп. Луначарского, 62, корп. 1, Санкт-Петербург;Ленинградская обл
Керамама. ру;просп. Авиаторов Балтики, 13, Мурино;Ленинградская обл
Керамир Санкт-Петербург;Ленинградская область, Ломоносовский район, Виллозское городское поселение, территория Южная часть производственной зоны Горелово, Волхонское шоссе, 4, корп. 9;Ленинградская обл
Контакт-С;Отрадненское ш., 1К, Никольское;Ленинградская обл
Керамос;просп. Большевиков, 47, корп. 1, Санкт-Петербург;Ленинградская обл
Kerama Marazzi;Петергофское ш., 57, Санкт-Петербург;Ленинградская обл
Kerama Marazzi;просп. Просвещения, 75, Санкт-Петербург;Ленинградская обл
Сквирел, склад;Лесная ул., 1Б, Мурино;Ленинградская обл
Карлен Керамикс;Кантемировская ул., 37, Санкт-Петербург;Ленинградская обл
Новосёл;ул. Солодухина, 2А, стр. 9, Гатчина;Ленинградская обл
Иван Маслов;Ленинский просп., 140И, Санкт-Петербург;Ленинградская обл
Kerama Marazzi;Можайская ул., 2, Санкт-Петербург;Ленинградская обл
Квадро Декор;Отрадненское ш., 1В, Никольское;Ленинградская обл
БалтПромКерамика;просп. Девятого Января, 3, корп. 1, Санкт-Петербург;Ленинградская обл
Мегаполис;Якорная ул., 6, Санкт-Петербург;Ленинградская обл
Kerama Marazzi;Большой просп. Петроградской стороны, 30, Санкт-Петербург;Ленинградская обл
Аквакера;Будапештская ул., 11, Санкт-Петербург;Ленинградская обл
КераМир;Ленинградская область, Ломоносовский район, Виллозское городское поселение, территория Южная часть производственной зоны Горелово, Волхонское шоссе, 4;Ленинградская обл
Keramead;Шуваловский просп., 41, корп. 1, Санкт-Петербург;Ленинградская обл
Ленплитка;Ленинский просп., 140, Санкт-Петербург;Ленинградская обл
Элит Керамика;2-я Советская ул., 14/4, Санкт-Петербург;Ленинградская обл
Kerama Marazzi;ул. Савушкина, 118, Санкт-Петербург;Ленинградская обл
Метр Плитки;Отрадненское ш., 1Б, Никольское;Ленинградская обл
Вармора;Ленинградская область, Всеволожский район, Свердловское городское поселение, Промышленный район Центральное отделение, 22Б;Ленинградская обл
Строймиг;Лахтинский просп., 85В, Санкт-Петербург;Ленинградская обл
Гранит Хаус;Шафировский просп., 28;Ленинградская обл
Керамик Зона;Днепропетровская ул., 9Б;Ленинградская обл
Керамотека;Железноводская ул., 32;Ленинградская обл
МастерДом;Финляндский просп., 4;Ленинградская обл
Баусервис;Гаражный пр., 10, посёлок Романовка;Ленинградская обл
Плитбург;просп. Просвещения, 69;Ленинградская обл
Ленплитка;Студенческая ул., 10;Ленинградская обл
Elementile;Заречная ул., 15, корп. 1;Ленинградская обл
Плитбург;просп. Славы, 40, корп. 1;Ленинградская обл
Модерн-Керамика;Отрадненское ш., 5, Никольское;Ленинградская обл
Н-Керамикс;ул. Типанова, 21;Ленинградская обл
Центр Керамической Плитки;ул. Салова, 53, корп. 1;Ленинградская обл
Плитка;Ленинградская область, 41К-074;Ленинградская обл
AllCeramics;17-я линия Васильевского острова, 58;Ленинградская обл
Атмосфера;Выборгское ш., 15;Ленинградская обл
Сквирел;просп. Просвещения, 75;Ленинградская обл
Атмосфера;просп. Добролюбова, 16, корп. 2;Ленинградская обл
Параллель;Отрадненское ш., 1Б, Никольское;Ленинградская обл
Диалог;Гражданский просп., 41, корп. 2Б;Ленинградская обл
Estima;Красногвардейская площадь, 3Е;Ленинградская обл
Италкерамика;Репищева ул., 14Ж;Ленинградская обл
Kerama Marazzi;Спасский пер., 9/24;Ленинградская обл
Estima;Волго-Донской просп., 1, стр. 4;Ленинградская обл
Керамолл;Студенческая ул., 10;Ленинградская обл
Гм Керамика;ул. Руставели, 5, корп. 1;Ленинградская обл
Czs Market;Пионерская ул., 14, Кировск;Ленинградская обл
Дом Лента;Ленинградская область, Всеволожский район, Заневское городское поселение, Мурманское шоссе, 12-й километр, с1;Ленинградская обл
Гудбренд;Заневский просп., 28-30-32;Ленинградская обл
Гранитериум;Ленинградская область, Всеволожский район, городской посёлок Янино-1;Ленинградская обл
Artcer;ул. Фучика, 9;Ленинградская обл
Мосплитка;ул. Савушкина, 119, корп. 3;Ленинградская обл
Плитка большая и малая;Красногвардейская площадь, 3Е;Ленинградская обл
Laparet;Железноводская ул., 5;Ленинградская обл
Granitile;Новолитовская ул., 15;Ленинградская обл
Азори;Ленинградская область, Ломоносовский район, Виллозское городское поселение, Южная часть промзоны Горелово, Волхонское шоссе, 4, корп. 6;Ленинградская обл
GraniPlitka.ru;ул. Фучика, 9;Ленинградская обл
Дом Да Комфорт;просп. Народного Ополчения, 22;Ленинградская обл
Керамама.ру - Artkera Group;Дунайский просп., 28, корп. 2;Ленинградская обл
Эксима;Новолитовская ул., 15;Ленинградская обл
VitrAstore;Каменноостровский просп., 57;Ленинградская обл
Лемана Про;ул. Руставели, 59;Ленинградская обл
Магия комфорта;ул. Шостаковича, 8, корп. 1;Ленинградская обл
Виа Керамика;Полевая Сабировская ул., 54;Ленинградская обл
Арт Грес;Литейный просп., 26;Ленинградская обл
Каффель;просп. Испытателей, 29, корп. 1;Ленинградская обл
VIP Керамика;Железноводская ул., 7;Ленинградская обл
Атмосфера;ул. Савушкина, 119, корп. 3;Ленинградская обл
Глав Склад;Ленинградская область, Всеволожский район, городской посёлок Янино-1;Ленинградская обл
Кафель Стиль;Удельный просп., 40;Ленинградская обл
KafelNet.ru;Ленинский просп., 140И;Ленинградская обл
Uplitka.ru;Варшавская ул., 3, корп. 1;Ленинградская обл
Альтаформа;Лиговский просп., 123;Ленинградская обл
Сфера Керамики;Дальневосточный просп., 14;Ленинградская обл
Интеркерамика;Привокзальная ул., 2А, городской посёлок Рощино;Ленинградская обл
Топ-резка;просп. Энгельса, 22;Ленинградская обл
Лемана Про;просп. Испытателей, 5, корп. 2;Ленинградская обл
Kafel Time;ул. Белы Куна, 3;Ленинградская обл
Керам Маркет;ул. Фучика, 9;Ленинградская обл
Вип Клинкер;Октябрьская наб., 10, корп. 1;Ленинградская обл
Novus;5-я линия Васильевского острова, 34;Ленинградская обл
Studia 96;Плесецкая ул., 21;Ленинградская обл
Петрович;Богородская ул., 3, д. Порошкино;Ленинградская обл
Tesser;Якорная ул., 1;Ленинградская обл
Линкер;просп. Энергетиков, 19;Ленинградская обл
Дом Лента;КАД, 117-й километр, внешнее кольцо, 1, д. Порошкино;Ленинградская обл
Сквирел;ул. Решетникова, 17, корп. 2;Ленинградская обл
Archskin;Красногвардейская площадь, 3Е;Ленинградская обл
S-Keramika;Уманский пер., 68, корп. 1;Ленинградская обл
Первая Керамическая Компания;ул. Салова, 27АД;Ленинградская обл
СПбСНАБ;Бассейная ул., 37;Ленинградская обл
Стройторг;ул. Уточкина, 4, корп. 1Б;Ленинградская обл
Керамика-сервис;1-й Верхний пер., 12, лит.З;Ленинградская обл
Керамо Эврика;ул. Ольги Берггольц, 4Б;Ленинградская обл
Тележка;ш. Дорога Жизни, 9А, Всеволожск;Ленинградская обл
Лапарет;Пулковское ш., 19;Ленинградская обл
Плиткамания;Кушелевская дорога, 16Б;Ленинградская обл
Резка;Удельный просп., 28;Ленинградская обл
Италон;Выборгское ш., 15;Ленинградская обл
Mplitka.com;Кожевенная линия, 27, корп. 1;Ленинградская обл
Керомаг;Домостроительная ул., 3Д;Ленинградская обл
Компания Керамика;Бронницкая ул., 7;Ленинградская обл
Набель;Лапинский просп., 15;Ленинградская обл
Phomi;ул. Седова, 11;Ленинградская обл
Ларакерамика, склад;Менделеевская ул., 6А;Ленинградская обл
Артелия;просп. Строителей, 3, Кудрово;Ленинградская обл
Сквирел;Большой Сампсониевский просп., 74;Ленинградская обл
Керамир;Коломяжский просп., 15, корп. 1;Ленинградская обл
Лемана Про;Московское ш., 14;Ленинградская обл
Кредит Керамика;Лиговский просп., 150;Ленинградская обл
Строй Мир;Богословская ул., 4, корп. 1;Ленинградская обл
Бест Керамикс;наб. реки Смоленки, 35, корп. 1;Ленинградская обл
Керомаг;Полевая Сабировская ул., 54;Ленинградская обл
Пош интериорс;ул. Фучика, 9;Ленинградская обл
Стиль керамики;Студенческая ул., 10;Ленинградская обл
Италон;ул. Савушкина, 119, корп. 3;Ленинградская обл
Афоня, склад;Ленинградская область, Всеволожский район, Бугровское сельское поселение, КАД, 23-й километр, внутреннее кольцо, стр. 3;Ленинградская обл
КапРемонт.рф;ул. Рубинштейна, 8;Ленинградская обл
РунаСтройКерамика;Ленинградская область, Всеволожский район, Заневское городское поселение, территория Соржа-Старая производственно-складская зона;Ленинградская обл
Печеняк Керамикс;Алексеевский просп., 62, Всеволожск;Ленинградская обл
Керамир;Ленинский просп., 134;Ленинградская обл
Кераплитка;Новолитовская ул., 15;Ленинградская обл
Хамелеон;ул. Фучика, 9;Ленинградская обл
Laparet;Октябрьская ул., 8;Ленинградская обл
Дисконт-Керамик;просп. Будённого, 27, корп. 1;Ленинградская обл
Керамос;Полевая Сабировская ул., 54;Ленинградская обл
Konzept;Морская наб., 15;Ленинградская обл
Estima;просп. Народного Ополчения, 22;Ленинградская обл
KeramoSpb;Студенческая ул., 10;Ленинградская обл
Сквирел;Ленинский просп., 147;Ленинградская обл
Керамика;ул. Жуковского, 33;Ленинградская обл
Laparet;ул. Типанова, 21;Ленинградская обл
Урбанист;Полевая Сабировская ул., 54;Ленинградская обл
Creto;Полевая Сабировская ул., 54;Ленинградская обл
Credotile;Выборгское ш., 369, корп. 6;Ленинградская обл
Музей Керамики;Планерная ул., 59;Ленинградская обл
Стройторг;Богатырский просп., 25, корп. 1;Ленинградская обл
Дон Керам;ул. Фучика, 9;Ленинградская обл
Nt Ceramic Pro;ул. Полярников, 6;Ленинградская обл
Цзс отделочные материалы в Кировске;Северная ул., 12, Кировск;Ленинградская обл
Стройторг;ул. Достоевского, 20-22;Ленинградская обл
Лемана Про;Выборгское ш., 214, корп. 2;Ленинградская обл
Карлен Керамикс Мега Парнас;КАД, 117-й километр, внешнее кольцо, 1, д. Порошкино;Ленинградская обл
Арсенал керамика;Юбилейная ул., 12А, микрорайон Сертолово-2, Сертолово;Ленинградская обл
КафельГрад;Железноводская ул., 3;Ленинградская обл
Керамарк;Заводская ул., 37/1, городской посёлок Янино-1;Ленинградская обл
Romantic Cerama;просп. Будённого, 27, корп. 1;Ленинградская обл
Laparet;Якорная ул., 1;Ленинградская обл
Керамин-Нева;Санкт-Петербург, Колпинский район, посёлок Сапёрный, территория предприятия Балтика;Ленинградская обл
Гм Керамика;просп. Культуры, 41;Ленинградская обл
Neodom;ул. Рядового Леонида Иванова, 2Г, городской посёлок Кузьмоловский;Ленинградская обл
Italon;ул. Фучика, 9;Ленинградская обл
Керам Маркет;Железноводская ул., 1;Ленинградская обл
Корсант;Киевская ул., 5АЗ;Ленинградская обл
Стройбаза; Ленинградская область, Ломоносовский район, Низинское сельское поселение, 1;Ленинградская обл
Estima;Уральская ул., 10, корп. 1;Ленинградская обл
Высота;Ленинградская область, Всеволожский район, Заневское городское поселение, Кудрово;Ленинградская обл
Дон Керам;Полевая Сабировская ул., 54;Ленинградская обл
Авангард Стиля;ул. Савушкина, 119, корп. 3;Ленинградская обл
Лемана Про;3-й Верхний пер., 11;Ленинградская обл
Lucido;Озерной пер., 8;Ленинградская обл
Ларакерамика, офис;Минеральная ул., 13;Ленинградская обл
Sal Sapiente;Красногвардейская площадь, 3Е;Ленинградская обл
Лемана Про;просп. Культуры, 47;Ленинградская обл
FortressTrade;Волго-Донской просп., 4;Ленинградская обл
Novus Size+;Уральская ул., 13;Ленинградская обл
Ламакерама;ул. Моисеенко, 41Б;Ленинградская обл
Нордкерам;д. Малое Карлино, 26;Ленинградская обл
Максимум покрытий № 1;Заневский просп., 65, корп. 1;Ленинградская обл
Мегаполис;Уральская ул., 10, корп. 1;Ленинградская обл
Арткера;ул. Фучика, 9;Ленинградская обл
Дом Гарсиа;17-я линия Васильевского острова, 54, корп. 3Г;Ленинградская обл
Термопанели;Центральная ул., 44, корп. 2, д. Корабсельки;Ленинградская обл
AgeArt;Уральская ул., 10, корп. 2;Ленинградская обл
РунаСтройКерамика;ул. Фучика, 9;Ленинградская обл
Neodom;Московский просп., 183-185Ак6;Ленинградская обл
Мастер Плиткин;Пискарёвский просп., 2, корп. 2;Ленинградская обл
Фасад Керамика;Ново-Рыбинская ул., 19/21;Ленинградская обл
Barberini;Садовая ул., 94;Ленинградская обл
Дом Дизайна;Московское ш., 25А;Ленинградская обл
3D-плитка;Комендантский просп., 4, корп. 2, лит.А;Ленинградская обл
Эксима;Волго-Донской просп., 4;Ленинградская обл
ПолимерСтройМатериалы;Ириновский просп., 1Ж;Ленинградская обл
Кварц;Отрадненское ш., 1Б, Никольское;Ленинградская обл
Олимп и К;пер. Челиева, 7, корп. 2Б;Ленинградская обл
AgeArt;Красногвардейская площадь, 3Е;Ленинградская обл
КерамоМозаик;Большая Пушкарская ул., 3В;Ленинградская обл
Грани Таганая;Днепропетровская ул., 9Б;Ленинградская обл
Дом паркета;Дальневосточный просп., 14;Ленинградская обл
Ричартс;Ленинградская область, Всеволожский район, Свердловское городское поселение, промзона Уткина Заводь, 4, корп. 4;Ленинградская обл
Spazioiris;Красногвардейская площадь, 3Е;Ленинградская обл
Ceramica&Santehnika;наб. Обводного канала, 138, корп. 2;Ленинградская обл
Краски групп;Ленинский просп., 140;Ленинградская обл
Плитка мозаика;Ленинградская область, Всеволожский район, Агалатовское сельское поселение, массив Производственный, 2;Ленинградская обл
Atlas Concorde;Красногвардейская площадь, 3Е, Санкт-Петербург;Ленинградская обл
Neolith;Красногвардейская площадь, 3Е;Ленинградская обл
Лемана Про;ул. Коллонтай, 3В;Ленинградская обл
Дом Лента;Лахтинский просп., 85В;Ленинградская обл
Мегаполис;Чугунная ул., 2У;Ленинградская обл
ТД Керомакс;Отрадненское ш., 1, Никольское;Ленинградская обл
Экономкин;просп. Александровской Фермы, 29Г33;Ленинградская обл
Гибкая Керамика;Вербная ул., 4;Ленинградская обл
Керамика-Сервис;ул. Александра Матросова, 4, корп. 2П;Ленинградская обл
Сфера;Лахтинский просп., 83, корп. 2;Ленинградская обл
Хомтайл;Лифляндская ул., 3В;Ленинградская обл
МК Керамик;Советская ул., 64А5, Липецк;Липецк
Сквирел;ул. Циолковского, 15, Липецк;Липецк
Лемана Про;Елецкое ш., 15, Липецк;Липецк
Оптовка Плитки;Универсальный пр., 3Г, Липецк;Липецк
Cerama Studio;Боевой пр., 34Б, Липецк;Липецк
Центр плитки;ул. Катукова, 23А, Липецк;Липецк
Kerama Marazzi;ул. С.Ф. Балмочных, 17, Липецк;Липецк
Мастер'Dom;ул. Циолковского, 7, Липецк;Липецк
Италон;ул. Космонавтов, 24/1, Липецк;Липецк
Липецк-керамика;ул. Катукова, 23, Липецк;Липецк
Маэстро;ул. П.А. Папина, 6А, Липецк;Липецк
Дом керамики;ул. Катукова, 23, Липецк;Липецк
Мастер стиль 48;ул. С.Ф. Балмочных, 11, Липецк;Липецк
Мир керамики;Ангарская ул., вл33, Липецк;Липецк
Kerama Marazzi;просп. Победы, 103, Липецк;Липецк
Апельсин;ул. Катукова, 3А, Липецк;Липецк
Плитка и обои;ул. Брюллова, 7А, Липецк;Липецк
Керамогранит;Товарный пр., 1А, Липецк;Липецк
Керамогранит;Поперечный пр., 4А, Липецк;Липецк
Завод;ул. М.И. Неделина, 10, Липецк;Липецк
Добрострой;Лебедянское ш., 2Б, Липецк;Липецк
Сквирел;ул. Маршала Рыбалко, 4, микрорайон 10-я Шахта, Липецк;Липецк
Аршин;Ангарская ул., вл33, Липецк;Липецк
Стройландия;ул. 50 лет НЛМК, 4А, Липецк;Липецк
Строй двор;ул. Ленина, 239А, микрорайон Ссёлки, Липецк;Липецк
Стройбаза КирпичёвЪ;Поперечный пр., 3, стр. 1, Липецк;Липецк
Маэстро эконом;ул. С.М. Шерстобитова, 8, Липецк;Липецк
Бонус;Воронежское ш., 2А, село Сырское;Липецк
Kerama art;ул. Пестеля, 38/4, Липецк;Липецк
Велтрейд;Заводская площадь, 3, Липецк;Липецк
Малахит;Универсальный пр., 14Авл2, Липецк;Липецк
Город мастеров;Воронежское ш., 33, село Сырское;Липецк
Loftmarket;ул. С.Ф. Балмочных, 11, Липецк;Липецк
Акватон;ул. Катукова, 23, Липецк;Липецк
Отделка;Железнодорожная ул., с29/1, село Подгорное;Липецк
Итальянская плитка;Харьковская ул., 2, Липецк;Липецк
М-Строй;ул. Дубовая Роща, 2, Грязи;Липецк
ТЦ Парус;Коммунистическая ул., 90В, Лиски;Лиски
Эпицентр;ул. Чапаева, 4А, Лиски;Лиски
Керамическая плитка;Коммунистическая ул., 74, Лиски;Лиски
СтройОптТорг;Коммунистическая ул., 7, Лиски;Лиски
Стройоптторг;Коммунистическая ул., 21, Лиски;Лиски
Стройвыставка;ул. Чапаева, 2А, Лиски;Лиски
Элемент;ул. Лаврова, 69А, Мичуринск;Мичуринск
Керамика;Гоголевская ул., 64, Мичуринск;Мичуринск
Kerama Marazzi;Гоголевская ул., 64, Мичуринск;Мичуринск
Дюйм;Гоголевская ул., 112, Мичуринск;Мичуринск
Laparet;ул. Лаврова, 69, Мичуринск;Мичуринск
Стройград;Фабричная ул., 2, Мичуринск;Мичуринск
Плитка и сантехника;ул. Лаврова, 69/9, Мичуринск;Мичуринск
Мир плитки;Тамбовская область, Моршанский муниципальный округ, посёлок Устьинский, улица Ленина;Моршанск
Мастер;Зелёная ул., 41А, Моршанск;Моршанск
Строительные материалы;ул. Карла Маркса, 74Б, Моршанск;Моршанск
Новострой;ул. Сакко и Ванцетти, 69, Моршанск;Моршанск
Стройматериалы;ул. Горького, 1, Моршанск;Моршанск
Всё для дома;Тамбовская область, Моршанск, Южный микрорайон;Моршанск
Керамика и Клинкер;ул. Берзарина, 34, стр. 26, Москва;Москва
Керамогранит24.ру;Авиамоторная ул., 44, стр. 2, Москва;Москва
АрдоСтудио;ул. Дениса Давыдова, 4, Москва;Москва
Керамогранит.ру;Новогиреевская ул., 10, корп. 1, Москва;Москва
Termokit;Дмитровское ш., 118, корп. 1, Москва;Москва
Нанокерамика;Княжеская ул., вл2, Москва;Москва
Atlas Concorde;ул. Мнёвники, 23, Москва;Москва
Риверсан;Даниловская наб., 6, корп. 1А, Москва;Москва
МирБау;Варшавское ш., 118, корп. 1, Москва;Москва
Тоскана Дизайн;5-й Донской пр., 23, Москва;Москва
ТД ГранТ ГраниТаганая;Научный пр., 12, Москва;Москва
МастерДом;Нахимовский просп., 59А, Москва;Москва
Керамический Boom;Ленинградское ш., 25, Москва;Москва
Лемана Про;просп. Лихачёва, 15, Москва;Москва
Арт Реал;Машкинское ш., с1, Химки;Москва
РПК Модуль;Электрозаводская ул., 27, стр. 2, Москва, Россия;Москва
Керамотека;Волочаевская ул., 40Г, стр. 4, Москва;Москва
Kerama Marazzi;Ленинградский просп., 15, стр. 3, Москва;Москва
Дисконт Керамика;просп. Маршала Жукова, 52, Москва;Москва
Мосплитка;Дубининская ул., 40, Москва;Москва
Сантехкерам;ул. Золоторожский Вал, 32, Москва;Москва
Центр Керамики;Складочная ул., 1, стр. 1, Москва;Москва
Керамтрейд;Олимпийский просп., 22, Москва;Москва
Ватра Керамика;Нижняя Сыромятническая ул., 10, стр. 3, Москва;Москва
Мосплитка;Спартаковская площадь, 1/2, Москва;Москва
Эльман-Трейд;ул. Кржижановского, 29, корп. 1, Москва;Москва
Nt Ceramic;Летниковская ул., 2, Москва;Москва
Kerama Marazzi;Воронцовская ул., 36, стр. 1, Москва;Москва
Мосплитка;Ленинградское ш., 25, Москва;Москва
Kerama Marazzi;ул. Ленинская Слобода, 26, Москва;Москва
Планета плитки;Нахимовский просп., 50, Москва;Москва
Дом плитки;Нахимовский просп., 50, Москва;Москва
Керам Маркет;Киевское шоссе, 22-й километр, 4, стр. 2, корп. В, район Солнцево, Западный административный округ, Москва;Москва
Kerama Marazzi;Рязанский просп., 12, Москва;Москва
Italon;Нахимовский просп., 59А, Москва;Москва
Артмомент;Фурманный пер., 15, Москва;Москва
Контакт-М;2-я Карпатская ул., вл4, Москва;Москва
Kerama Marazzi;Новоухтомское ш., 2А, Москва;Москва
Керамир;1-й Самотёчный пер., 18, Москва;Москва
Реал керамика;ул. Ленинская Слобода, 26, Москва;Москва
Ватра Керамика;Нахимовский просп., 30/43, Москва;Москва
Отделкино City;Ботаническая ул., 14, Москва;Москва
Эмилгруп;ул. Маршала Рыбалко, 2, корп. 9, Москва;Москва
Гранд Мозаика;ул. Марии Ульяновой, 17А, Москва;Москва
Kerama Marazzi;Нахимовский просп., 50, Москва;Москва
Кератек;12-й пр. Марьиной Рощи, 8, стр. 2, Москва;Москва
Италон;Профсоюзная ул., 76;Москва
Atlas Concorde;Мичуринский просп., 26;Москва
Термокит;Рябиновая ул., 41, корп. 1;Москва
Визави Керамика;Ленинградское ш., 25;Москва
Плиткомания;Варшавское ш., 37А, стр. 8;Москва
Отделкино City;Куликовская ул., 6;Москва
Kerama Marazzi;Ленинградское ш., 112/1с3;Москва
Бомонд;ул. Космонавта Волкова, 18, Москва;Москва
Kerama Marazzi;ш. Энтузиастов, 54;Москва
Kerama Marazzi;Краснобогатырская ул., 90, стр. 1;Москва
Kerama Marazzi;Киевское шоссе, 22-й километр, 4, стр. 2, корп. Г, район Солнцево, Западный административный округ;Москва
Вебкерамик;Киевское шоссе, 22-й километр, 4, стр. 2, корп. В, район Солнцево, Западный административный округ;Москва
Kerama Marazzi;ул. Лётчика Бабушкина, 6;Москва
Sal Sapiente;Ленинградское ш., 25;Москва
Kerama Marazzi;Дмитровское ш., 149;Москва
РеЗка.ру;1-я Дубровская ул., 13А, стр. 2;Москва
Мастерпрофф;ул. Ильинка, 4;Москва
Керамикана;Шелепихинская наб., 34к2зд3;Москва
Kerama Marazzi;ул. Александры Монаховой, 43, корп. 2;Москва
Отделкино City;Рублёвское ш., 62;Москва
Neodom;Киевское шоссе, 22-й километр, 4, стр. 2, корп. Г, район Солнцево, Западный административный округ;Москва
Сурфейс;Ленинский просп., 15;Москва
Original Style;Берсеневская наб., 6, стр. 3;Москва
Керам Холдинг;Нижняя Сыромятническая ул., 10, стр. 3;Москва
Керам Холдинг;ул. Сечкина, 1А, стр. 33;Москва
Kerama Marazzi;ул. Габричевского, 10, корп. 4;Москва
Credit Ceramica;Вятская ул., 27, корп. 5;Москва
Урбанист;Нахимовский просп., 24, стр. 1;Москва
Керам Маркет;5-й Донской пр., 23;Москва
Галерея керамогранита;Москва, Новомосковский административный округ, район Коммунарка, Киевское шоссе, 23-й километр, 8, стр. 1;Москва
Kerama Marazzi;Варшавское ш., 9, стр. 1;Москва
Kerama Marazzi;Волоколамское ш., 71, корп. 2;Москва
Отделкино City;Севастопольский просп., 11Е;Москва
Лемана Про;ш. Энтузиастов, 12, корп. 2;Москва
МастерДом;Нахимовский просп., 24, стр. 1;Москва
Бельведер Большой Формат;Берсеневский пер., 3/10с7;Москва
Italon Experience;МКАД, 47-й километр, вл31с1;Москва
Monplitka.ru;ул. Мнёвники, 6;Москва
Керамогранит Рус;1-я Дубровская ул., 13А, стр. 2;Москва
Отделкино City;Привольная ул., 70, корп. 1;Москва
Sal Sapiente;Нахимовский просп., 24, стр. 1;Москва
Виа Керамика;Дорожная ул., 1, стр. 3Б;Москва
Ватра Керамика;Ленинградское ш., 25;Москва
Мэйд;Дубининская ул., 57;Москва
Лемана Про;Рязанский просп., 2, корп. 3;Москва
Ceramo Stone Group;Дербеневская наб., 11;Москва
КерамоГрес;Дербеневская наб., 7, стр. 12;Москва
Империя керамики;Можайское ш., 24;Москва
Лемана Про;Новоухтомское ш., 2А;Москва
Урбанист;Ленинградское ш., 25;Москва
Терра;Нахимовский просп., 51;Москва
Эко-керамика;Ленинский просп., 83;Москва
Отделкино City;Азовская ул., 24, корп. 3;Москва
Kerama Marazzi;Ярославское ш., 18, корп. 2;Москва
Подноги. ру;Истринская ул., 8, корп. 3;Москва
Урбанист;Каширское ш., 19, корп. 1;Москва
Estima;Киевское шоссе, 22-й километр, 4, стр. 2, корп. Г, район Солнцево, Западный административный округ;Москва
Ватра Керамика;Нахимовский просп., 24, стр. 1;Москва
Грестайм;Малая Юшуньская ул., 3;Москва
Баусервис;1-й Нагатинский пр., 10, стр. 1;Москва
Альма Керамикс;Москва, Новомосковский административный округ, район Коммунарка, ТОГК Славянский Мир, ряд Г, 4/8;Москва
Макслевел;5-й Донской пр., 23, Москва;Москва
Керамика Импорт;Волгоградский просп., 32, корп. 25;Москва
Керамика будущего;Авиамоторная ул., 44, стр. 2;Москва
Royalstone.ru;Москва, Новомосковский административный округ, район Коммунарка, Киевское шоссе, 21-й километр, 3, стр. 1;Москва
А-Керамика;Каширское ш., 19, корп. 1;Москва
Союз Керамика, офис;Профсоюзная ул., 84/32к1;Москва
Фeникc;ул. Саморы Машела, 5А;Москва
Дон Керам;Нахимовский просп., 24, стр. 1;Москва
Архетип;Нижняя Сыромятническая ул., 10, стр. 2;Москва
Мосплитка;Нахимовский просп., 28, корп. 1;Москва
Керам Киото;1-я Дубровская ул., 13А, стр. 2;Москва
Сеньора керамика;Нижняя Сыромятническая ул., 11, корп. 1;Москва
Топкерам. ру;Олимпийский просп., 29, стр. 1, Мытищи;Москва
Плитка Рядом;Центральная ул., 2/5с1, микрорайон Подрезково, Химки;Москва
Глобус Керамика, склад;Москва, поселение Сосенское, улица Адмирала Корнилова, 37А;Москва
Атлас Конкорд;Ленинградский просп., 36, стр. 36;Москва
Gravita;Волгоградский просп., 32, корп. 25;Москва
Отделкино City;просп. Андропова, 8;Москва
Италон Керамика;Москва, Новомосковский административный округ, район Коммунарка, ТОГК Славянский Мир, ряд В, 8;Москва
Kerama Marazzi;Рябиновая ул., 41, корп. 1;Москва
Arrow;Ленинский просп., 15;Москва
Loendtti;Фрунзенская наб., 16, корп. 1;Москва
Лекс Флор;МКАД, 41-й километр, 4, стр. 22;Москва
Италон;Каширское ш., 19, корп. 1;Москва
Керамика-Плитка;Ленинградское ш., 376А, Москва;Москва
Склад;Автомоторная ул., 2Б, стр. 1;Москва
ТДСК;Варшавское ш., 118, корп. 1;Москва
Атлас Конкорд, офис, склад;Промышленная ул., 11А, стр. 45;Москва
Italon;Киевское шоссе, 22-й километр, 4, стр. 2, корп. Г, район Солнцево, Западный административный округ;Москва
Территория Терраццо;Нижняя Сыромятническая ул., 10, стр. 9;Москва
Orro Mosaic;Маленковская ул., 32, стр. 3;Москва
Тайл Крафт;Москва, Большой Чудов переулок;Москва
Каолина;Каширское ш., 19, корп. 1;Москва
Grana;Киевское шоссе, 22-й километр, 4, стр. 2, корп. В, район Солнцево, Западный административный округ;Москва
Скрябин Керамикс;Большая Черёмушкинская ул., 34;Москва
Рекада;Варшавское ш., 42;Москва
Shop-plitka.ru;Киевское шоссе, 22-й километр, 4, стр. 2, корп. Г, район Солнцево, Западный административный округ;Москва
Керамическая плитка;Волгоградский просп., 32, корп. 25;Москва
Плитка и Керамогранит;Угрешская ул., 5А, Дзержинский;Московская обл
Центр плитки;Большая Серпуховская ул., 36/1, Подольск;Московская обл
Петрович;п. г. т. Боброво, с67Ю;Московская обл
Нанокерамика;Княжеская ул., вл2, Москва;Московская обл
Риверсан;Даниловская наб., 6, корп. 1А, Москва;Московская обл
Тоскана Дизайн;5-й Донской пр., 23, Москва;Московская обл
База Плитки;Береговая ул., 1, село Быково;Московская обл
Лемана Про;Московская область, Ленинский городской округ, Варшавское шоссе, 21-й километр, 25Ю/5;Московская обл
Лемана Про;Московская область, Раменский муниципальный округ, Новорязанское шоссе, 37-й километр, 2;Московская обл
Лемана Про;Новорязанское шоссе, 22-й километр, 5/2, Люберцы;Московская обл
Лемана Про;Молодёжная ул., 15, микрорайон Климовск, Подольск;Московская обл
Салон Керамической Плитки Cersanit;Керамическая ул., 3, Балашиха;Московская обл
Мосплитка;просп. Юных Ленинцев, 41, Подольск;Московская обл
Мосплитка;ул. Ленина, 57, стр. 2, п. г. т. Октябрьский;Московская обл
BestCeramic Самовывоз;Новорязанское шоссе, 25-й километр, с16, п. г. т. Томилино;Московская обл
Центр Керамики;Московская область, Ленинский городской округ, Варшавское шоссе, 21-й километр, с1;Московская обл
Керамогранит. ру, склад;ул. Лобачёва, 15, Подольск;Московская обл
Контакт-М;2-я Карпатская ул., вл4, Москва;Московская обл
Мосплитка;Западная ул., 10, рабочий посёлок Новоивановское;Московская обл
Керам Маркет;д. Андреевское, 31, стр. 4;Московская обл
БауСервис;Домодедовское ш., 1В, посёлок Сельхозтехника;Московская обл
Арткерамика М;Советская ул., 99, п. г. т. Нахабино;Московская обл
Керамогранит.ру;Новогиреевская ул., 10, корп. 1, Москва;Московская обл
Плитка-77;ул. Островского, с42/1, Апрелевка;Московская обл
Профплитка;Московская ул., 2/1, Наро-Фоминск;Московская обл
Лига Керамики;Центральная ул., 6Б, стр. 1, д. Гольёво;Московская обл
КерамТорг;просп. Юных Ленинцев, 61, Подольск;Московская обл
Астракерамика;ул. Карла Маркса, 47, Электросталь;Московская обл
Мир плитки СерКо;Успенская ул., 32, Красногорск;Московская обл
Центр Плитки;ул. Гагарина, 85, Жуковский;Московская обл
Салон плитки;Ново-Никольская ул., 122, стр. 1, Красногорск;Московская обл
Много Плитки;Ильинское ш., 1А, Красногорск;Московская обл
Kerama Marazzi;Октябрьский просп., 127, Люберцы;Московская обл
Керамир;Благовещенская ул., 4А, Красногорск;Московская обл
Kerama Marazzi;ул. Чехова, 44/1, дачный посёлок Удельная;Московская обл
Плитка Подмосковья;Молодёжная ул., 46, Одинцово;Московская обл
Kerama Marazzi;просп. Мира, 46, Реутов;Московская обл
МКМ Плитка;Северная ул., 9, Электросталь;Московская обл
ДавКерамика;Инициативная ул., 8, Люберцы;Московская обл
Мастер-Строй;Вишнёвая ул., 13Б, Подольск;Московская обл
Люксмикс;Московская ул., 32Ж, Воскресенск;Московская обл
Tesser;Домодедовское ш., 1В, посёлок Сельхозтехника;Московская обл
Керамир Дисконт центр;Кудиновское ш., 6, стр. 3, п. г. т. Обухово;Московская обл
Плитка Москвы;Октябрьская ул., 67, Москва;Московская обл
Дом Плитки и Ламината;ул. Первостроителей, 2Г, Воскресенск;Московская обл
Керама Микс;Донинское ш., 20/Б2, Раменское;Московская обл
Керам Маркет;Киевское шоссе, 22-й километр, 4, стр. 2, корп. В, район Солнцево, Западный административный округ, Москва;Московская обл
Estima;Бетонная ул., 1, Ногинск;Московская обл
Лемана Про;ул. Заборье, 130, микрорайон Востряково, Домодедово;Московская обл
Красный дом;ул. Лобачёва, 13, Подольск;Московская обл
Плитка Подмосковья;Московская ул., 14, посёлок Радужный;Московская обл
Плитка Sdvk;МКАД, 2-й километр, 2, Реутов;Московская обл
Тайлклаб;Кутузовская ул., 13, д. Северово;Московская обл
Дисконт Керамика;просп. Маршала Жукова, 52, Москва;Московская обл
Плитсити;Внуковская ул., 11, стр. 22, Одинцово;Московская обл
Отделкино City;Привольная ул., 70, корп. 1, Москва;Московская обл
Kerama Marazzi;Советская ул., 43, Ногинск;Московская обл
Люкс Мастер;Донинское ш., 20/А5, Раменское;Московская обл
Ditiles.ru;Успенская ул., 4А, Красногорск;Московская обл
Kerama Marazzi;Чечёрский пр., 8, Москва;Московская обл
Отделочные материалы;Ленинградский пр., 1, Подольск;Московская обл
Планета плитки;Нахимовский просп., 50, Москва;Московская обл
Виды плитки;Симферопольское шоссе, 37-й километр, с23, Подольск;Московская обл
Плитка Всем;МКАД, 41-й километр, 4, стр. 29, Москва;Московская обл
Люкскерамика;Новосущёвская ул., 15, Москва;Московская обл
33 Плитки;Московская область, городской округ Красногорск, территориальное управление Ильинское;Московская обл
Керам Маркет;5-й Донской пр., 23, Москва;Московская обл
Вебкерамик;Киевское шоссе, 22-й километр, 4, стр. 2, корп. В, район Солнцево, Западный административный округ, Москва;Московская обл
Laparet;МКАД, 71-й километр, 16А, д. Путилково;Московская обл
Mg-Ceramic;Востряковский пр., 10Б, стр. 1, Москва;Московская обл
Урбанист;Международная ул., 6, Красногорск;Московская обл
Мосплитка;Внуковская ул., 11, стр. 19, Одинцово;Московская обл
Елисаветинский;Московская область, городской округ Подольск, посёлок Железнодорожный;Московская обл
Kerama Marazzi;ул. Октябрьской Революции, 385, Коломна;Московская обл
Мосплитка;Дубининская ул., 40, Москва;Московская обл
Керамотека;Волочаевская ул., 40Г, стр. 4, Москва;Московская обл
МаксалСтрой;Светлая ул., 3А, стр. 4, Красногорск;Московская обл
Мосплитка;Ленинградское ш., 25, Москва;Московская обл
Neodom;Киевское шоссе, 22-й километр, 4, стр. 2, корп. Г, район Солнцево, Западный административный округ, Москва;Московская обл
Кералайн;Московская область, Одинцовский городской округ, Голицыно;Московская обл
Колорлон;Новорязанское ш., 5, Котельники;Московская обл
Резка керамогранита Ceramocut;ул. Генерала Белобородова, 46, стр. 6, Москва;Московская обл
Дом плитки;Нахимовский просп., 50, Москва;Московская обл
Mgm ceramica;Торговая ул., 2, п. г. т. Заречье;Московская обл
Italon;Нахимовский просп., 59А, Москва;Московская обл
Kerama Marazzi;Мосфильмовская ул., 88, корп. 4, стр. 1, Москва;Московская обл
Топ Флорс;Ленинградское ш., 58, стр. 7, Москва;Московская обл
ЭлладаСтрой;Центральная ул., 58, посёлок Александровка;Московская обл
Галерея керамогранита;Москва, Новомосковский административный округ, район Коммунарка, Киевское шоссе, 23-й километр, 8, стр. 1;Московская обл
BestCeramic.ru;МКАД, 2-й километр, 2, Реутов;Московская обл
Отделкино City;Октябрьский просп., 112, Люберцы;Московская обл
Модная плитка;Западная ул., с3, рабочий посёлок Новоивановское;Московская обл
Kerama Marazzi;ш. Энтузиастов, 36А, Балашиха;Московская обл
Atlas Concorde;Мичуринский просп., 26, Москва;Московская обл
Kerama Marazzi;ул. Александры Монаховой, 43, корп. 2, посёлок Коммунарка;Московская обл
Мастер-Строй;МКАД, 25-й километр, вл4с3, Москва;Московская обл
Kerama Marazzi;Киевское шоссе, 22-й километр, 4, стр. 2, корп. Г, район Солнцево, Западный административный округ, Москва;Московская обл
Керамико;Парковая ул., 1, Апрелевка;Московская обл
The Ceramics;ш. Автомагистраль Москва - Нижний Новгород, вл19Т, Реутов;Московская обл
Много плитки;Тихорецкий бул., 1, стр. 70, Москва;Московская обл
Бомонд;ул. Космонавта Волкова, 18, Москва;Московская обл
La Ceramica;Западная ул., с100, рабочий посёлок Новоивановское;Московская обл
3Дплитка;16-я Парковая ул., 23, Москва;Московская обл
Керамогранит оптом;Большая Черёмушкинская ул., 25, корп. 1, Москва;Московская обл
Лана Керамика;Сафоновский пер., 5, Электроугли;Московская обл
Ватра Керамика;Нахимовский просп., 30/43, Москва;Московская обл
Mg-Ceramic;Тихорецкий бул., 1, стр. 70, Москва;Московская обл
Ватра Керамика;Нижняя Сыромятническая ул., 10, стр. 3, Москва;Московская обл
Диарт;Николоямская ул., 13, стр. 17, Москва;Московская обл
Виа Керамика;Торговая ул., с2, рабочий посёлок Заречье;Московская обл
Отделкино City;Рублёвское ш., 62, Москва;Московская обл
АдлКерамик;Заводское ш., 9, стр. 3, посёлок Внуково;Московская обл
Laparet;Домодедовское ш., 1В, посёлок Сельхозтехника;Московская обл
Плитка Вип;Северный пр., 1, Реутов;Московская обл
RuStone;Донбасская ул., 71, Видное;Московская обл
Гранитека про;Первомайская ул., 5, Красногорск;Московская обл
Уральский гранит;Профсоюзная ул., 68, корп. 3, Москва;Московская обл
Магазин плитки и напольных покрытий;Касимовское ш., 3Б, лит.М, рабочий посёлок Малаховка;Московская обл
Italon Experience;МКАД, 47-й километр, вл31с1, Москва;Московская обл
Керамическая плитка;Истринская ул., 8, корп. 3, Москва;Московская обл
Эко-керамика;Ленинский просп., 83, Москва;Московская обл
А-Керамика;Торговая ул., 2, п. г. т. Заречье;Московская обл
Про-плит. ру;Московская область, городской округ Красногорск, территориальное управление Ильинское;Московская обл
Керамика 21 век;ш. Автомагистраль Москва - Нижний Новгород, 1, Реутов;Московская обл
А-Керамика;Международная ул., 6, Красногорск;Московская обл
Каро-Строй;Советская ул., вл37, Балашиха;Московская обл
Терра;Нахимовский просп., 51, Москва;Московская обл
Клинкер кератерм;Торговая ул., с2, п. г. т. Заречье;Московская обл
Kerama Marazzi;Новоухтомское ш., 2А, Москва;Московская обл
Отделкино City;Ботаническая ул., 14, Москва;Московская обл
Альма Керамикс;Москва, Новомосковский административный округ, район Коммунарка, ТОГК Славянский Мир, ряд Г, 4/8;Московская обл
Элит Комплект офис;Октябрьский просп., 15, Люберцы;Московская обл
Royalstone.ru;Москва, Новомосковский административный округ, район Коммунарка, Киевское шоссе, 21-й километр, 3, стр. 1;Московская обл
Виа Керамика;Торговая ул., с2, п. г. т. Заречье;Московская обл
Клинкер-Онлайн;Ильинское ш., 16, Красногорск;Московская обл
Phomi;Московская область, городской округ Красногорск, Новорижское шоссе, 27-й километр;Московская обл
Италон Сантехкерам;д. Жуковка, 57;Московская обл
Атлас Конкорд;просп. Мира, 102, корп. 1, Москва;Московская обл
Top Plitka;МКАД, 41-й километр, 4, стр. 22, Москва;Московская обл
ПрофРез;Московская область, городской округ Красногорск, территориальное управление Ильинское;Московская обл
Отделкино City;Севастопольский просп., 11Е, Москва;Московская обл
Отделкино City;Азовская ул., 24, корп. 3, Москва;Московская обл
Kerama Marazzi;Первомайская ул., 5, Москва;Московская обл
Плиткомания;Варшавское ш., 37А, стр. 8, Москва;Московская обл
Керамика Футура;Торговая ул., 2, стр. 2, п. г. т. Заречье;Московская обл
Москерамик;Каширское ш., 19, корп. 1, Москва;Московская обл
Atlas Concorde;ул. Мнёвники, 23, Москва;Московская обл
Лемана Про;бул. Строителей, 5Б, Красногорск;Московская обл
Декор керамик;ш. Автомагистраль Москва - Нижний Новгород, вл19Кс1, Реутов;Московская обл
Виа Керамика;Дорожная ул., 1, стр. 3Б, Москва;Московская обл
Арт-Панно;ул. Туполева, 18, стр. 1, Жуковский;Московская обл
Плитка на дом;2-й Вязовский пр., 10, стр. 2, Москва;Московская обл
Центр Керамики;Складочная ул., 1, стр. 1, Москва;Московская обл
Молоток;д. Троицкое, с1;Московская обл
Лига Керамики;Московская область, городской округ Красногорск, Новорижское шоссе, 26-й километр, с3;Московская обл
B'n's Ceramica;Западная ул., 3А, микрорайон Климовск, Подольск;Московская обл
Подноги. ру;Истринская ул., 8, корп. 3, Москва;Московская обл
Kerama Marazzi;Волоколамское ш., 71, корп. 2, Москва;Московская обл
СтройМолл;Западная ул., с100, рабочий посёлок Новоивановское;Московская обл
Kerama Marazzi;Рязанский просп., 12, Москва;Московская обл
Агат;Каширский пер., 68, Бронницы;Московская обл
Уникера;Ленинский просп., 54, Москва;Московская обл
Семикаракорская керамика;Московская область, городской округ Красногорск, М-9 Балтия, 23-й километр, 2;Московская обл
Арткера;Новоухтомское ш., 2А, Москва;Московская обл
Клик Ют;Коммунальная ул., 50, микрорайон Климовск, Подольск;Московская обл
Отделкино City;МКАД, 71-й километр, с16А, п. г. т. Путилково;Московская обл
Лемана Про;село Юдино, 55Д;Московская обл
Kerama Marazzi;Ленинградский просп., 15, стр. 3, Москва;Московская обл
Эмилгруп;ул. Маршала Рыбалко, 2, корп. 9, Москва;Московская обл
МастерДом;Нахимовский просп., 24, стр. 1, Москва;Московская обл
Лемана Про;Московская область, Наро-Фоминский городской округ, территория Многофункциональный промышленный округ Котово, 47;Московская обл
Kerama Marazzi;ш. Энтузиастов, 54, Москва;Московская обл
PlitkaPlus;Киевское шоссе, 22-й километр, 4, стр. 2, корп. Г, район Солнцево, Западный административный округ, Москва;Московская обл
Дачник;ул. Воровского, 10, п. г. т. имени Воровского;Московская обл
Клинкера;Торговая ул., 2, стр. 2, п. г. т. Заречье;Московская обл
Магазин отделочных материалов;Московская область, Ленинский городской округ, сельское поселение Булатниковское;Московская обл
Estima;Киевское шоссе, 22-й километр, 4, стр. 2, корп. Г, район Солнцево, Западный административный округ, Москва;Московская обл
Ателье керамики, склад;Советская ул., 2, стр. 1, д. Толстопальцево;Московская обл
Фасадкерамика;ул. Карла Маркса, 117А, дачный посёлок Красково;Московская обл
Гранд Мозаика;ул. Марии Ульяновой, 17А, Москва;Московская обл
Шоп-плитка.ру;Москва, Новомосковский административный округ, район Коммунарка, ТОГК Славянский Мир, ряд В, 10/3;Московская обл
Триа-керамика;ш. Автомагистраль Москва - Нижний Новгород, вл19Ж, Реутов;Московская обл
Лига керамики;Московская область, городской округ Красногорск, Новорижское шоссе, 23-й километр, 9;Московская обл
Лемана Про;Новорижское шоссе, 22-й километр, 1, стр. 5, Москва;Московская обл
Союз Керамика, офис;Профсоюзная ул., 84/32к1, Москва;Московская обл
Дом Плитки;село Ознобишино, 191;Московская обл
Плитка Плитра;МКАД, 32-й километр, вл4, Москва;Московская обл
Контакт-М;Москва, Новомосковский административный округ, район Коммунарка, улица Адмирала Корнилова, 5;Московская обл
Laparet;Куликовская ул., 6, Москва;Московская обл
Керагрес;Советская ул., 115А, п. г. т. Нахабино;Московская обл
Creto;Донинское ш., 20/Б3, Раменское;Московская обл
Италон Керамика;Москва, Новомосковский административный округ, район Коммунарка, ТОГК Славянский Мир, ряд В, 8;Московская обл
Плитка СМ;Москва, Новомосковский административный округ, район Коммунарка, ТОГК Славянский Мир, ряд Б, 8/1;Московская обл
Gravita;Волгоградский просп., 32, корп. 25, Москва;Московская обл
MG-Ceramic;Востряковский пр., 10, корп. 1, Москва;Московская обл
Вип Клинкер;Москва, Новомосковский административный округ, район Коммунарка, Киевское шоссе, 21-й километр, 3, стр. 1;Московская обл
Отделкино City;просп. Андропова, 8, Москва;Московская обл
Италон;Профсоюзная ул., 76, Москва;Московская обл
Глобус Керамика, склад;Москва, поселение Сосенское, улица Адмирала Корнилова, 37А;Московская обл
Sal Sapiente;Ленинградское ш., 25, Москва;Московская обл
СтройМаркет;пр. Авиаторов, 1, стр. 2, Подольск;Московская обл
Лемана Про;Калужское ш., 60, Троицк;Московская обл
Лемана Про;МКАД, 24-й километр, 1А, Москва;Московская обл
Артмомент;Фурманный пер., 15, Москва;Московская обл
Фeникc;ул. Саморы Машела, 5А, Москва;Московская обл
Керамика Парадайз;Быковская ул., 15А, Подольск;Московская обл
La Plitka;МКАД, 25-й километр, внешняя сторона, 1, Москва;Московская обл
Сантехника-Онлайн;Западная ул., с100, п. г. т. Новоивановское;Московская обл
Shop-plitka.ru;Киевское шоссе, 22-й километр, 4, стр. 2, корп. Г, район Солнцево, Западный административный округ, Москва;Московская обл
Kerama Marazzi;Нахимовский просп., 50, Москва;Московская обл
Kerama Marazzi;Краснобогатырская ул., 90, стр. 1, Москва;Московская обл
Все для ремонта;Южный бул., 4, жилой комплекс Южная Битца, посёлок Битца;Московская обл
Лемана Про;Ногинск, территория Ногинск-Технопарк, 15;Московская обл
Kerama Marazzi;Ярославское ш., 18, корп. 2, Москва;Московская обл
Империя керамики;Можайское ш., 24, Москва;Московская обл
Плитка;МКАД, 41-й километр, 4, стр. 26, Москва;Московская обл
Ватра Керамика;Нахимовский просп., 24, стр. 1, Москва;Московская обл
Kerama Marazzi;ул. Лётчика Бабушкина, 6, Москва;Московская обл
Dimetra;Селекционная ул., 14, посёлок ВНИИССОК;Московская обл
Apa-Gres;Центральная ул., 70А, д. Румянцево;Московская обл
Корк Трейдинг;Вишнёвая ул., 9Б, Подольск;Московская обл
Kerama Marazzi;ул. Ленинская Слобода, 26, Москва;Московская обл
Керамикана;Шелепихинская наб., 34к2зд3, Москва;Московская обл
Грестайм;Малая Юшуньская ул., 3, Москва;Московская обл
РеЗка.ру;1-я Дубровская ул., 13А, стр. 2, Москва;Московская обл
Kerama Marazzi;Воронцовская ул., 36, стр. 1, Москва;Московская обл
Ватра Керамика;Ленинградское ш., 25, Москва;Московская обл
ЭлитСтрой Материалы;Торговая ул., с2, п. г. т. Заречье;Московская обл
Всё для ремонта;ул. Заборье, 1Д, корп. 3, микрорайон Востряково, Домодедово;Московская обл
М. Строй;Новорязанское шоссе, 25-й километр, с16, рабочий посёлок Томилино;Московская обл
Плитка;Кировоградская ул., 13, Москва;Московская обл
Monplitka.ru;ул. Мнёвники, 6, Москва;Московская обл
Керамическая плитка;Кировоградская ул., 13, Москва;Московская обл
Глебычевский Керамический завод;ул. Карбышева, 17, корп. 2, Красногорск;Московская обл
Лемана Про;ш. Энтузиастов, 12, корп. 2, Москва;Московская обл
ГресСтор, склад;Южная ул., 8, Щербинка;Московская обл
Kerama Marazzi;ул. Габричевского, 10, корп. 4, Москва;Московская обл
Мосплитка;Нахимовский просп., 28, корп. 1, Москва;Московская обл
Керам Холдинг;ул. Сечкина, 1А, стр. 33, Москва;Московская обл
Керамоград;ул. Космонавта Волкова, 20, Москва;Московская обл
Бельведер Большой Формат;Берсеневский пер., 3/10с7, Москва;Московская обл
Laparet;МКАД, 2-й километр, 2, Реутов;Московская обл
Лемана Про;Новоухтомское ш., 2А, Москва;Московская обл
Лемана Про;Рязанский просп., 2, корп. 3, Москва;Московская обл
Строймаркет;ул. Павла Фёдоровича Гаевского, 2, Видное;Московская обл
Art Centre;Тихорецкий бул., 1, стр. 70, Москва;Московская обл
Creto;Дубининская ул., 40, Москва;Московская обл
Филимоновский тракт;ул. 1 Мая, 67А, Павловский Посад;Московская обл
СтройМаркет;д. Ликино, 13;Московская обл
Атлас Групп;Спасская ул., 1А, Красногорск;Московская обл
СтройДвор на Карболите;ул. Дзержинского, 38, Орехово-Зуево;Московская обл
Колизеум;Профсоюзная ул., 76, Москва;Московская обл
Мастерская керамики Sergamika;Заречная ул., 19, село Гжель;Московская обл
III-Угольник. ру;Бакунинская ул., 69, стр. 1, Москва;Московская обл
Лемана Про;ул. Лермонтова, 3, микрорайон Белые Столбы, Домодедово;Московская обл
Дон Керам;Нахимовский просп., 24, стр. 1, Москва;Московская обл
Creto;Озёрная ул., 42, Москва;Московская обл
СтройТракт;Пригородная ул., 92, микрорайон Саввино, Балашиха;Московская обл
Мастер-Строй;Востряковский пр., 10Б, стр. 2, Москва;Московская обл
Атлас Конкорд, офис, склад;Промышленная ул., 11А, стр. 45, Москва;Московская обл
Экспресс-керамика.ру;МКАД, 25-й километр, 4, стр. 1, Москва;Московская обл
Creto;Нахимовский просп., 59А, Москва;Московская обл
Creto;ул. Вавилова, 3, Москва;Московская обл
Creto;Рязанский просп., 2, корп. 3, Москва;Московская обл
Весталия;Советская ул., 105, стр. 3, Куровское;Московская обл
Stonexpo;Международная ул., 6, Красногорск;Московская обл
Клинкер, представительство;просп. Юных Ленинцев, 41, Подольск;Московская обл
Керамическая плитка;Северный пр., 1, Реутов;Московская обл
Дом Лента;Московская область, городской округ Красногорск, М-9 Балтия, 23-й километр, 2;Московская обл
Всё для дома и ремонта;Плотников пер., 2/8, Москва;Московская обл
Rimero;Западная ул., с100, рабочий посёлок Новоивановское;Московская обл
Инкерамик;Москва, Новомосковский административный округ, район Коммунарка, ТОГК Славянский Мир, ряд И, 3/1;Московская обл
Строймаркет;ул. Ленина, 4Б, село Ильинское;Московская обл
Плитка МСК;МКАД, 25-й километр, вл4с3, Москва;Московская обл
Клинкер Холл;Московская область, городской округ Красногорск, Новорижское шоссе, 27-й километр, вл3;Московская обл
Баусервис;1-й Нагатинский пр., 10, стр. 1, Москва;Московская обл
Тротуарная плитка;посёлок Октябрьской Фабрики, 22;Московская обл
Creto;Каширское ш., 19, корп. 1, Москва;Московская обл
Строительные материалы;Московская область, городской округ Домодедово, А-112, 15-й километр, с1;Московская обл
Goldceramica;Западная ул., с100, рабочий посёлок Новоивановское;Московская обл
Labtile;Киевское шоссе, 22-й километр, 4, стр. 2, корп. Г, район Солнцево, Западный административный округ, Москва;Московская обл
Каолина;Каширское ш., 19, корп. 1, Москва;Московская обл
Сантехинтерьер;Южный просп., 5, стр. 1, Электросталь;Московская обл
Creto;Нахимовский просп., 28, корп. 1, Москва;Московская обл
Строймаркет;Берёзовая ул., 9А, село Добрыниха;Московская обл
Плитка камень;Волоколамское ш., 103, Москва;Московская обл
Zv. Market;Почтовая ул., вл1, село Ям;Московская обл
Keramo-Classic;Каширское ш., 19, корп. 1, Москва;Московская обл
Visavi Stone;ул. Ленина, 76/1, село Павловская Слобода;Московская обл
Магазин плитки;ул. Ленина, 76/4, село Павловская Слобода;Московская обл
Сервер;Промышленная ул., 4, стр. 1, Москва;Московская обл
Лекс Флор;МКАД, 41-й километр, 4, стр. 22, Москва;Московская обл
Inquadra;Вишнёвая ул., 11, Подольск;Московская обл
Kerama Marazzi;Рябиновая ул., 41, корп. 1, Москва;Московская обл
Керамогранит24.ру;Авиамоторная ул., 44, стр. 2, Москва;Московская обл
Триатрейд;Теннисная ул., 46Б, рабочий посёлок Селятино;Московская обл
Грета Вульф;Рочдельская ул., 14А, Москва;Московская обл
PogaTiles;Центральная ул., 5Д, д. Гольёво;Московская обл
U-room;Кировоградская ул., 11, корп. 1, Москва;Московская обл
Колизеум;просп. Мира, 85, Москва;Московская обл
Tilelit;Москва, Новомосковский административный округ, район Коммунарка, Киевское шоссе, 22-й километр, 4, стр. 2, корп. Г;Московская обл
Строймаркет;пр. Авиаторов, 1, корп. 1, Подольск;Московская обл
Радиокерамика;село Новохаритоново, 193;Московская обл
Италон;Каширское ш., 19, корп. 1, Москва;Московская обл
Сантехкерам;2-я Лыковская ул., 63, корп. 1, стр. 3, Москва;Московская обл
Легион;Садовая ул., 3Б, Одинцово;Московская обл
Neodom;Калужское ш., 4, стр. 1, Москва;Московская обл
Строительный магазин;ул. Академика Волгина, 2, Москва;Московская обл
Стройплитказвен.рф;Московская область, городской округ Красногорск, территориальное управление Ильинское;Московская обл
Ю-трэйд;Каширское ш., 19, корп. 1, Москва;Московская обл
Plitka-mlitka;Тихорецкий бул., 1, стр. 70, Москва;Московская обл
Импорт Мосплитка, склад;Москва, Новомосковский административный округ, район Щербинка, Симферопольское шоссе, 21Б;Московская обл
Строймаркет;ул. Василия Ланового, 5, Москва;Московская обл
Плекус;Проектная ул., 15, микрорайон Гагарина, Балашиха;Московская обл
Сеньора керамика;Нижняя Сыромятническая ул., 11, корп. 1, Москва;Московская обл
Сурфейс;Ленинский просп., 15, Москва;Московская обл
Керамосантек;Южная ул., 20, Щербинка;Московская обл
Склад;Автомоторная ул., 2Б, стр. 1, Москва;Московская обл
Керамика Импорт;Волгоградский просп., 32, корп. 25, Москва;Московская обл
Кератек;12-й пр. Марьиной Рощи, 8, стр. 2, Москва;Московская обл
Laparet;Ботаническая ул., 14, Москва;Московская обл
Дом мечты;Дорожная ул., 60А, стр. 1, Москва;Московская обл
Лаки и краски;Московская область, Раменский городской округ, деревня Малышево;Московская обл
Стройматериалы;Лесная ул., 34, посёлок Мирный;Московская обл
Аплитка;МКАД, 41-й километр, 1, Москва;Московская обл
Original Style;Берсеневская наб., 6, стр. 3, Москва;Московская обл
Аллам;Московская область, Ленинский городской округ, сельское поселение Булатниковское;Московская обл
Макслевел;5-й Донской пр., 23, Москва;Московская обл
Апельсин;Озёрский пр., 1, Коломна;Московская обл
Грация камня;Внуковская ул., 11, Одинцово;Московская обл
Зодчий Фасад;Лихоборская наб., 11, стр. 18, Москва;Московская обл
Гусс;Внуковская ул., 11, стр. 1, Одинцово;Московская обл
1000 Мелочей и стройтоваров;Волоколамское ш., 11/1, Красногорск;Московская обл
Москерамика;ул. Прянишникова, 19А, стр. 4, Москва;Московская обл
Для всех;Москва, Новомосковский административный округ, район Коммунарка, ТОГК Славянский Мир, ряд В, 20/3;Московская обл
Юнимарт;Московская область, муниципальный округ Истра, деревня Аносино, КП Аносино парк, Северная улица;Московская обл
Урбанист;Нахимовский просп., 24, стр. 1, Москва;Московская обл
Стройдвор;Московская область, Богородский городской округ, деревня Стулово;Московская обл
Максидом;Восточная ул., 19, Одинцово;Московская обл
Лемана Про;просп. Лихачёва, 15, Москва;Московская обл
МастерОК;ул. Николая Фетисова, 32, Раменское;Московская обл
Строй двор;Симферопольская ул., 4, д. Манушкино;Московская обл
Grana Ceramica;Киевское шоссе, 22-й километр, 4, стр. 2, корп. Г, район Солнцево, Западный административный округ, Москва;Московская обл
Creto;ул. Красная Сосна, 2А, Москва;Московская обл
ПлиткаТека;Москва, Новомосковский административный округ, район Коммунарка, улица Александры Монаховой, 97;Московская обл
Арт-Рум;Бакунинская ул., 38/42с4, Москва;Московская обл
Ситрич;Южный просп., 5, стр. 1, Электросталь;Московская обл
Керамическая плитка;Волгоградский просп., 32, корп. 25, Москва;Московская обл
Урбанист;Каширское ш., 19, корп. 1, Москва;Московская обл
Строительные товары;Пролетарская ул., 56, п. г. т. Мисайлово;Московская обл
Н-Строй.рф;Можайское ш., 14В, Одинцово;Московская обл
GoodCeramic;МКАД, 25-й километр, внешняя сторона, 1, Москва;Московская обл
Creto;Спартаковская площадь, 1/2, Москва;Московская обл
Скрябин Керамикс;Большая Черёмушкинская ул., 34, Москва;Московская обл
Керамогранит Рус;1-я Дубровская ул., 13А, стр. 2, Москва;Московская обл
Мозай и Ко;Нахимовский просп., 24, стр. 1, Москва;Московская обл
Керам Киото;1-я Дубровская ул., 13А, стр. 2, Москва;Московская обл
Керам Холдинг;Ленинградское ш., 25, Москва;Московская обл
Керамика Лайн;Киевское шоссе, 22-й километр, 4, стр. 2, корп. В, район Солнцево, Западный административный округ, Москва;Московская обл
ЯжМужик;Федеративный просп., 16, корп. 1, Москва;Московская обл
Архетип;Нижняя Сыромятническая ул., 10, стр. 2, Москва;Московская обл
Европейская сантехника;Рублёвское ш., 52А, Москва;Московская обл
Земсплитка;Большая Очаковская ул., 47А, стр. 1, Москва;Московская обл
Даймонд Строй;ул. Михалевича, 116Б, Раменское;Московская обл
Sal Sapiente;Нахимовский просп., 24, стр. 1, Москва;Московская обл
Сантехника-Тут;Нагатинская ул., 2, Москва;Московская обл
Паркет 365;Москва, Новомосковский административный округ, район Коммунарка, ЖК Скандинавия, улица Эдварда Грига, 15;Московская обл
Керамика будущего;Авиамоторная ул., 44, стр. 2, Москва;Московская обл
Creto;Волоколамское ш., 103, Москва;Московская обл
Максидом;Восточная ул., 8, Щербинка;Московская обл
Центр керамики;ул. Энгельса, 31, Муром;Муром
Laparet;Октябрьская ул., 53, Муром;Муром
Портал-Керамика;Меленковское ш., 9, Муром;Муром
Аладдин;Пионерская ул., 8, Муром;Муром
Ремпланика;ул. Филатова, 10, Муром;Муром
Kerama Marazzi;ул. Энгельса, 31, Муром;Муром
Домикс;ул. Филатова, 10, Муром;Муром
Товары для дома;Карачаровское ш., 5Б, Муром;Муром
Лангуст;ул. Механизаторов, 19Б, Муром;Муром
Стройфорум;ул. 40 лет Победы, 90/2, Набережные Челны;Набережные Челны
Еврокерамика;Машиностроительная ул., 84В/1, Набережные Челны;Набережные Челны
Центр кафеля;просп. Сююмбике, 21, Набережные Челны;Набережные Челны
Всё для ванны;Машиностроительная ул., 13, стр. 3, Набережные Челны;Набережные Челны
Лемана Про;Машиностроительная ул., 29, Набережные Челны;Набережные Челны
Много плитки;Машиностроительная ул., 3/2, Набережные Челны;Набережные Челны
Verona;Машиностроительная ул., 36, Набережные Челны;Набережные Челны
Kerama Marazzi;Набережные Челны, 2-й комплекс, 7;Набережные Челны
Керамическая плитка;Машиностроительная ул., 8, Набережные Челны;Набережные Челны
Много ванн;просп. Сююмбике, 21, Набережные Челны;Набережные Челны
Аликанте;Машиностроительная ул., 12А, Набережные Челны;Набережные Челны
Студия плитки;Машиностроительная ул., 39/4, Набережные Челны;Набережные Челны
Интерьер-Керамика;Республика Татарстан (Татарстан), Набережные Челны, 62-й комплекс, 29;Набережные Челны
Дизайн Ремонт;просп. Сююмбике, 40А, Набережные Челны;Набережные Челны
Кама Керамика;Магистральная ул., 1А, Набережные Челны;Набережные Челны
SanRemo;ул. 40 лет Победы, 70, стр. 5, Набережные Челны;Набережные Челны
Фаб хаус;ул. Нариманова, 8, Набережные Челны;Набережные Челны
Neodom;Машиностроительная ул., 12А, Набережные Челны;Набережные Челны
Теплый мир;Казанский просп., 124, Набережные Челны;Набережные Челны
Литокол;Машиностроительная ул., 35, Набережные Челны;Набережные Челны
Plitkarezka116;ул. Раскольникова, 48/2, Набережные Челны;Набережные Челны
Продекор;просп. Мира, 24А, Набережные Челны;Набережные Челны
Good House;просп. Мира, 103, Набережные Челны;Набережные Челны
Гипсокартон+;ул. 40 лет Победы, 70, стр. 5, Набережные Челны;Набережные Челны
Свой Стиль;Машиностроительная ул., 69, Набережные Челны;Набережные Челны
Mg-Ceramic;Казанский просп., 129/3, Набережные Челны;Набережные Челны
Миллениум;просп. Вахитова, 20Б, Набережные Челны;Набережные Челны
GiGas;Казанский просп., 226А, Набережные Челны;Набережные Челны
Плитка;Машиностроительная ул., 13, стр. 4, Набережные Челны;Набережные Челны
Арт Грес;Центральная ул., 81, посёлок ГЭС, Набережные Челны;Набережные Челны
Аквакерам;Машиностроительная ул., 2А, корп. 1, Набережные Челны;Набережные Челны
Обои&Плитка;Набережные Челны, ​69-й комплекс, 16;Набережные Челны
Домикс;Машиностроительная ул., 39, Набережные Челны;Набережные Челны
Формула ремонта;просп. Мира, 12А, Набережные Челны;Набережные Челны
Maestro;Московский просп., 126Б, Набережные Челны;Набережные Челны
Yy concrete;Набережночелнинский просп., 41А, Набережные Челны;Набережные Челны
MAGfasad;Моторная ул., 47, Набережные Челны;Набережные Челны
Сухие Строительные Смеси;Казанский просп., 237, стр. 2, Набережные Челны;Набережные Челны
ТатКирпич;Машиностроительная ул., 114Б, Набережные Челны;Набережные Челны
Торговый Дом Керамик Клинкер;ул. Ленина, 92, Киров;Набережные Челны
Домовой;Московский просп., 126А, Набережные Челны;Набережные Челны
Студия Ремонта;Московская ул., 34, Наро-Фоминск;Наро-Фоминск
Профплитка;Московская ул., 2/1, Наро-Фоминск;Наро-Фоминск
Керамическая плитка;ул. Чехова, 29, стр. 8, Наро-Фоминск;Наро-Фоминск
Евротайл;ул. Чехова, 29, стр. 6, Наро-Фоминск;Наро-Фоминск
Керамическая плитка;Московская ул., 34, Наро-Фоминск;Наро-Фоминск
1000 Мелочей;Киевское шоссе, 73-й километр, с4, Наро-Фоминск;Наро-Фоминск
Laparet Керамика Нижнекамск;просп. Мира, 93Б, Нижнекамск;Нижнекамск
Плитка и точка;Корабельная ул., 53, Нижнекамск;Нижнекамск
Laparet керамика;ул. Субай, 2А, 36-й микрорайон, Нижнекамск;Нижнекамск
StyleКерамика;просп. Мира, 110А, Нижнекамск;Нижнекамск
Арт Керамика;ул. Первопроходцев, 2, стр. 3, Нижнекамск;Нижнекамск
Строительный Бум;Лесная ул., 16А, Нижнекамск;Нижнекамск
Центр плитки;просп. Мира, 93, Нижнекамск;Нижнекамск
Alma керамика;ул. Субай, 2А, 36-й микрорайон, Нижнекамск;Нижнекамск
Стройландия;Вокзальная ул., 5А, Нижнекамск;Нижнекамск
Центр Керамической Плитки;ул. Субай, 2А, 36-й микрорайон, Нижнекамск;Нижнекамск
Нептун;Корабельная ул., 42, Нижнекамск;Нижнекамск
Строймаркет;ул. Баки Урманче, 15А, Нижнекамск;Нижнекамск
Уют керамика;ул. Первопроходцев, 2Г, Нижнекамск;Нижнекамск
СтройКерамика;ул. Первопроходцев, 7А, Нижнекамск;Нижнекамск
Cersanit;ул. Первопроходцев, 2, Нижнекамск;Нижнекамск
Фирма;ул. Первопроходцев, 7, Нижнекамск;Нижнекамск
Саксэс;ул. Чаадаева, 1Н, Нижний Новгород;Нижний Новгород
Саксэс;Казанское ш., 4А, Нижний Новгород;Нижний Новгород
Kotto design;ул. Бекетова, 13, Нижний Новгород;Нижний Новгород
Kotto design;просп. Гагарина, 56, Нижний Новгород;Нижний Новгород
Паркет-Центр;Ижорская ул., 18, Нижний Новгород;Нижний Новгород
Италон;Окский съезд, 2, Нижний Новгород;Нижний Новгород
Дом Дизайна;просп. Ленина, 69, корп. 1, Нижний Новгород;Нижний Новгород
Лемана Про;Московское ш., 352К, Нижний Новгород;Нижний Новгород
Тайл Дизайн;Совнаркомовская ул., 28, Нижний Новгород;Нижний Новгород
Дом Лента;ул. Родионова, 187, Нижний Новгород;Нижний Новгород
Tesser;ул. Родионова, 165, корп. 13, Нижний Новгород;Нижний Новгород
Plitka-nnov;ул. Бекетова, 13, Нижний Новгород;Нижний Новгород
Tesser;Сормовское ш., 20, Нижний Новгород;Нижний Новгород
СитиКерамика НН;ул. Долгополова, 50/40, Нижний Новгород;Нижний Новгород
Грес;ул. Бекетова, 28, Нижний Новгород;Нижний Новгород
Плитка Даром;Московское ш., 343, Нижний Новгород;Нижний Новгород
ЗоDиак;Алексеевская ул., 9, Нижний Новгород;Нижний Новгород
МиоКерамика;Ошарская ул., 14, Нижний Новгород;Нижний Новгород
Аптон керамика;Ошарская ул., 14, Нижний Новгород;Нижний Новгород
Плитка-НН;Базарная ул., 8, корп. 4, Нижний Новгород;Нижний Новгород
New Ceramics;ул. Литвинова, 74Б, Нижний Новгород;Нижний Новгород
Мосплитка;ул. Бекетова, 15, Нижний Новгород;Нижний Новгород
Грес;просп. Гагарина, 23А, Нижний Новгород;Нижний Новгород
Kerama Marazzi;Ошарская ул., 14, Нижний Новгород;Нижний Новгород
Kerama Marazzi;Мещерский бул., 5, жилой район Мещерское Озеро, Нижний Новгород;Нижний Новгород
Керама Сток;Кузбасская ул., 1А, Нижний Новгород;Нижний Новгород
Грес;Окский съезд, 2, Нижний Новгород;Нижний Новгород
Мечта Прораба;ул. Плотникова, 3, Нижний Новгород;Нижний Новгород
New Ceramics;ул. Бекетова, 13, Нижний Новгород;Нижний Новгород
Kerama Marazzi;просп. Гагарина, 230А, Нижний Новгород;Нижний Новгород
Сантехлэнд;ул. Бринского, 6, Нижний Новгород;Нижний Новгород
Plitka Color;ул. Минеева, 29, Нижний Новгород;Нижний Новгород
Аптон Инвест;Восточный пр., 11Е, Нижний Новгород;Нижний Новгород
Art Centre;Варварская ул., 40, Нижний Новгород;Нижний Новгород
Керамика-Волга;ул. Коновалова, 6, корп. 1, Нижний Новгород;Нижний Новгород
Альта Строй;Кузбасская ул., 17А, Нижний Новгород;Нижний Новгород
Ди-Терра;Восточный пр., 11, Нижний Новгород;Нижний Новгород
New Ceramics;просп. Гагарина, 23А, корп. 4, Нижний Новгород;Нижний Новгород
СанПлитка;Ошарская ул., 80, Нижний Новгород;Нижний Новгород
Керамика-НН;Ижорская ул., 18, Нижний Новгород;Нижний Новгород
Atlas Concorde;Варварская ул., 40, Нижний Новгород;Нижний Новгород
Наф-Наф;ул. Бекетова, 13, Нижний Новгород;Нижний Новгород
Наф-Наф;просп. Гагарина, 23А, корп. 9, Нижний Новгород;Нижний Новгород
Reimar;Кузбасская ул., 1Б, Нижний Новгород;Нижний Новгород
МБК-Поволжье;ул. Федосеенко, 70, Нижний Новгород;Нижний Новгород
Обнови;ул. 50-летия Победы, 6/2, Нижний Новгород;Нижний Новгород
Italon;Дальняя ул., 8, Нижний Новгород;Нижний Новгород
Plitka-nnov;Советская площадь, 5, Нижний Новгород;Нижний Новгород
Laparet;Советская площадь, 5, Нижний Новгород;Нижний Новгород
Наф-Наф;Советская площадь, 5, Нижний Новгород;Нижний Новгород
Керамика Стиль;Ижорская ул., 4, Нижний Новгород;Нижний Новгород
Plitka Color;ул. Композитора Касьянова, 6Г, корп. 1, 1-й микрорайон, жилой район Верхние Печёры, Нижегородский район, Нижний Новгород;Нижний Новгород
Керамосейл;Кузбасская ул., 1А, Нижний Новгород;Нижний Новгород
Арткера;Советская площадь, 5, Нижний Новгород;Нижний Новгород
Гранд;ул. Родионова, 134К, Нижний Новгород;Нижний Новгород
Гранд;просп. Ленина, 15, Нижний Новгород;Нижний Новгород
Victoria;просп. Кирова, 6, микрорайон Соцгород-1, жилой район Соцгород, Автозаводский район, Нижний Новгород;Нижний Новгород
Ателье плитки;Ошарская ул., 54, Нижний Новгород;Нижний Новгород
Laparet;ул. Бекетова, 13, Нижний Новгород;Нижний Новгород
Новелл;ул. Невзоровых, 47, Нижний Новгород;Нижний Новгород
Обнови;просп. Ленина, 69, корп. 1, Нижний Новгород;Нижний Новгород
Домикс;просп. Героев, 1, Нижний Новгород;Нижний Новгород
Интефа Дизайн;Славянская ул., 35, корп. 1, Нижний Новгород;Нижний Новгород
Шагни по новому;Мещерский бул., 7, корп. 3, жилой район Мещерское Озеро, Нижний Новгород;Нижний Новгород
Laparet;ул. Родионова, 165, корп. 13, Нижний Новгород;Нижний Новгород
Гранд;Мещерский бул., 7, корп. 2, жилой район Мещерское Озеро, Нижний Новгород;Нижний Новгород
Стены & Пол;ул. Плотникова, 4, Нижний Новгород;Нижний Новгород
Волгакерамика;просп. Гагарина, 23А, корп. 4, Нижний Новгород;Нижний Новгород
Микс студио;ул. Семашко, 28, Нижний Новгород;Нижний Новгород
18Линия;ул. Невзоровых, 64, корп. 2, Нижний Новгород;Нижний Новгород
Арт керамика;ул. Генкиной, 42/15, Нижний Новгород;Нижний Новгород
Art centre;ул. Коновалова, 10А, Нижний Новгород;Нижний Новгород
Laparet;Сормовское ш., 20, Нижний Новгород;Нижний Новгород
Mg-Ceramic;ул. Федосеенко, 54, Нижний Новгород;Нижний Новгород
Дисконт Керамогранит;ул. Культуры, 103, Нижний Новгород;Нижний Новгород
Сандар;Республиканская ул., 43, корп. 3, Нижний Новгород;Нижний Новгород
Корсант;просп. Гагарина, 23А3, Нижний Новгород;Нижний Новгород
БауВосток;ул. Федосеенко, 57, Нижний Новгород;Нижний Новгород
Бекетов;ул. Бекетова, 13, Нижний Новгород;Нижний Новгород
Авалон;ул. Минеева, 29, Нижний Новгород;Нижний Новгород
Домикс;ул. Коминтерна, 127, Нижний Новгород;Нижний Новгород
Гризли;просп. Ленина, 62, Нижний Новгород;Нижний Новгород
Первый Обойный;просп. Ленина, 45А, Нижний Новгород;Нижний Новгород
Ордер;ул. Героя Попова, 35Д, Нижний Новгород;Нижний Новгород
Резка плитки 52;Восточный пр., 5Е, Нижний Новгород;Нижний Новгород
Борский Дом Керамики;ул. Крупской, 11, Бор;Нижний Новгород
Sklad152.ru;Московское ш., 52Г, Нижний Новгород;Нижний Новгород
Keramolab;Нижний Новгород, гаражный кооператив Авторемонтник, 112;Нижний Новгород
Атлас Конкорд;Республиканская ул., 43, корп. 3, Нижний Новгород;Нижний Новгород
Plitka-nnov;ул. Бекетова, 13Ж, Нижний Новгород;Нижний Новгород
Артсантехника;Советская площадь, 5, Нижний Новгород;Нижний Новгород
Формула Интерьера;ул. Невзоровых, 83, Нижний Новгород;Нижний Новгород
МиоКерамика;городской округ Нижний Новгород, Нижегородский район;Нижний Новгород
Атмосфера;площадь Свободы, 7, Нижний Новгород;Нижний Новгород
Декорсфера;Трудовая ул., 5, Нижний Новгород;Нижний Новгород
Керамистика НН;ул. Самохвалова, 6А, Дзержинск;Нижний Новгород
Axima;Московское ш., 52Г, Нижний Новгород;Нижний Новгород
Ордер;ул. Родионова, 169Л, Нижний Новгород;Нижний Новгород
Italon Experience;ул. Бекетова, 28, Нижний Новгород;Нижний Новгород
Максидом;ул. Бетанкура, 1, Нижний Новгород;Нижний Новгород
Максидом;Тургайская ул., 1, Нижний Новгород;Нижний Новгород
Сантехника-Онлайн;Восточный пр., 5, Нижний Новгород;Нижний Новгород
Ft Deco;ул. Героя Советского Союза Аристархова, 1, Нижний Новгород;Нижний Новгород
Новый Мир;Восточный пр., 11, корп. 4, Нижний Новгород;Нижний Новгород
Миксет;Республиканская ул., 43, корп. 3, Нижний Новгород;Нижний Новгород
Стройка 24;ул. Родионова, 22, Нижний Новгород;Нижний Новгород
Партнерторг;ул. Вторчермета, 1, корп. 2, Нижний Новгород;Нижний Новгород
Дом Камня;Магистральная ул., 1, село Большая Ельня;Нижний Новгород
PRO-филь;ул. Композитора Касьянова, 6Г, корп. 20, 1-й микрорайон, жилой район Верхние Печёры, Нижний Новгород;Нижний Новгород
Торговая фирма;Суздальская ул., 70, стр. 2В, Нижний Новгород;Нижний Новгород
Философия Дизайна;Варварская ул., 40, Нижний Новгород;Нижний Новгород
Вавилонстрой;ул. Бекетова, 13Л, Нижний Новгород;Нижний Новгород
Центральная строительная Галерея;ул. Литвинова, 74Б, Нижний Новгород;Нижний Новгород
Акцент;ул. Бекетова, 13, Нижний Новгород;Нижний Новгород
Дом обоев;ул. Родионова, 197, Нижний Новгород;Нижний Новгород
Стройдвор;ул. КИМа, 232А, Нижний Новгород;Нижний Новгород
Домашняя мозаика;просп. Гагарина, 101, корп. 5, Нижний Новгород;Нижний Новгород
Строймаркет Новосёл;ул. Бутлерова, 40, Дзержинск;Нижний Новгород
СтройКомфорт;площадь Ленина, 5А, Кстово;Нижний Новгород
New Ceramica;просп. Гагарина, 230А, Нижний Новгород;Нижний Новгород
Дом Лента;Любимая ул., 1, село Федяково;Нижний Новгород
Ордер Стройдвор;ул. Героя Попова, 35В, Нижний Новгород;Нижний Новгород
Электротовары;просп. Гагарина, 74, Нижний Новгород;Нижний Новгород
Ремснаб;д. Опалиха, 72;Нижний Новгород
Ордер;Магистральная ул., 53, Кстово;Нижний Новгород
Дельфин;ул. Минеева, 29, Нижний Новгород;Нижний Новгород
Аква Находка;ул. Рослякова, 19, корп. 1, Бор;Нижний Новгород
СтройЭксперт;просп. Гагарина, 35, корп. 2, Нижний Новгород;Нижний Новгород
Профи;Окская ул., 18А/1, сельский посёлок Новинки;Нижний Новгород
Салон плитки Element;бул. Космонавтов, 4Б, микрорайон Западный, Дзержинск;Нижний Новгород
Полмикул;Республиканская ул., 43, корп. 3, Нижний Новгород;Нижний Новгород
Домикс;ул. Петрищева, 2А, Дзержинск;Нижний Новгород
Керама;д. Ржавка, Промзона, с1;Нижний Новгород
Анна Крановна;просп. Свердлова, 66/27, Дзержинск;Нижний Новгород
Декорика;ул. Ленина, 146, Богородск;Нижний Новгород
Ордер;просп. Ленинского Комсомола, 13, Дзержинск;Нижний Новгород
КерамаГрад;бул. Космонавтов, 4Б, микрорайон Западный, Дзержинск;Нижний Новгород
РемонтOFF;ул. Ленина, 172, Богородск;Нижний Новгород
Строительный гипермаркет;Окская ул., 18/2, сельский посёлок Новинки;Нижний Новгород
Стройка;Стеклозаводское ш., 1, корп. 15, Бор;Нижний Новгород
Laparet;бул. Космонавтов, 4Б, микрорайон Западный, Дзержинск;Нижний Новгород
Техстроймаркет;Стеклозаводское ш., 3, корп. 2, Бор;Нижний Новгород
Шагни по новому;ул. Бутлерова, 40, Дзержинск;Нижний Новгород
Стройландия;просп. Циолковского, 61, Дзержинск;Нижний Новгород
Город леса;Автозаводское ш., 39, территория Восточный промрайон, Дзержинск;Нижний Новгород
Находка;ул. Рослякова, 19, корп. 1, Бор;Нижний Новгород
Sale. plitka;ул. Добролюбова, 2, Богородск;Нижний Новгород
Керамогранит;ул. Добролюбова, 1, Богородск;Нижний Новгород
Vog;Игумновское ш., 18А, Дзержинск;Нижний Новгород
Метр квадратный;ул. Венецкого, 12, Богородск;Нижний Новгород
Санэко;ул. Терешковой, 10, Дзержинск;Нижний Новгород
ХромДом;ул. Грибоедова, 38, Дзержинск;Нижний Новгород
Керамическая плитка;просп. Ленинского Комсомола, 3, Дзержинск;Нижний Новгород
Постройка;ул. Сергея Везломцева, 17, Бор;Нижний Новгород
Сантехмаркет;ул. Петрищева, 27В, Дзержинск;Нижний Новгород
Керамическая плитка;просп. Циолковского, 90А, Дзержинск;Нижний Новгород
Декорум;ул. Пирогова, 36/24, Дзержинск;Нижний Новгород
Grand Керамо;ул. Миронова, 17, Новокуйбышевск;Новокуйбышевск
Premier;ул. Дзержинского, 29, Новокуйбышевск;Новокуйбышевск
Laparet;пр. Автоматики, 15/2, Оренбург;Оренбург
Kerama Marazzi;просп. Победы, 102, Оренбург;Оренбург
Керама Холл;пр. Автоматики, 10А, Оренбург;Оренбург
Дом Кафеля;пр. Автоматики, 12В2, Оренбург;Оренбург
Керамикс;пр. Автоматики, 28А, Оренбург;Оренбург
Строитель;Промысловый пр., 8/1, Оренбург;Оренбург
Плиткарь;ул. Монтажников, 34/1, Оренбург;Оренбург
Kerama Marazzi;Северный пр., 20, Оренбург;Оренбург
Лемана Про;Нежинское ш., 2А, Оренбург;Оренбург
Viva design;ул. Цвиллинга, 42, Оренбург;Оренбург
Керамогранит 56;ул. Монтажников, 23, Оренбург;Оренбург
Плитка;Театральная ул., 3, Оренбург;Оренбург
Сокол;Калининградская ул., 120Г, Оренбург;Оренбург
Кафель;16-я линия, 2А, Оренбург;Оренбург
Плитка 56;Беляевская ул., 20, Оренбург;Оренбург
Мосплитка;ул. Монтажников, 30А, Оренбург;Оренбург
Керамир;Карагандинская ул., 60/1, Оренбург;Оренбург
Керамикс;ул. Монтажников, 29, Оренбург;Оренбург
Квадрат56;Пролетарская ул., 44, Оренбург;Оренбург
Стройландия;Донгузская ул., 28, Оренбург;Оренбург
Оренпроф;ул. Терешковой, 217, Оренбург;Оренбург
Строительный бум;просп. Дзержинского, 4Б, Оренбург;Оренбург
Стройландия;ул. Чкалова, 27, Оренбург;Оренбург
Лео;ул. Монтажников, 24, Оренбург;Оренбург
Kerama Marazzi;пр. Автоматики, 10/8, Оренбург;Оренбург
Вся плитка;ул. Монтажников, 35/4, Оренбург;Оренбург
Фера дом;ул. Диагностики, 2А, Оренбург;Оренбург
Ладный дом;ул. Монтажников, 21, Оренбург;Оренбург
Плиткарь;пр. Автоматики, 17/5, Оренбург;Оренбург
Стройландия;пр. Автоматики, 28А, Оренбург;Оренбург
Цех по резке плитки и керамогранита;Оренбург, Северный административный округ, Дзержинский район;Оренбург
Ремонт Не Выходя Из Дома;ул. Монтажников, 23, Оренбург;Оренбург
Dali;Туркестанская ул., 61, Оренбург;Оренбург
Neodom;ул. Цвиллинга, 42, Оренбург;Оренбург
Стройландия;Пролетарская ул., 247, Оренбург;Оренбург
Мир линолеума;площадь 1 Мая, 4, Оренбург;Оренбург
PROдизайн;ул. Берёзка, 2/4, Оренбург;Оренбург
АртМаркет;Загородное ш., 41, Оренбург;Оренбург
Сокол;Одесская ул., 114, Оренбург;Оренбург
ДК;ул. Берёзка, 2/5, Оренбург;Оренбург
Maison de Luxe;Беляевское ш., 32, посёлок Весенний;Оренбург
Каспер;ул. Терешковой, 10/2, Оренбург;Оренбург
Альвера;ул. Шевченко, 223А, Оренбург;Оренбург
Мирострой;пр. Автоматики, 12/3, Оренбург;Оренбург
СтройБат;ул. Терешковой, 144/1А, Оренбург;Оренбург
Laparet;пр. Автоматики, 15/2, Оренбург;Оренбургская обл
Строитель;Промысловый пр., 8/1, Оренбург;Оренбургская обл
Дом Кафеля;пр. Автоматики, 12В2, Оренбург;Оренбургская обл
Лемана Про;Нежинское ш., 2А, Оренбург;Оренбургская обл
Kerama Marazzi;Северный пр., 20, Оренбург;Оренбургская обл
Керамикс;пр. Автоматики, 28А, Оренбург;Оренбургская обл
Плиткарь;ул. Монтажников, 34/1, Оренбург;Оренбургская обл
Kerama Marazzi;просп. Победы, 102, Оренбург;Оренбургская обл
Сокол;Калининградская ул., 120Г, Оренбург;Оренбургская обл
Кафель;16-я линия, 2А, Оренбург;Оренбургская обл
Плитка;Театральная ул., 3, Оренбург;Оренбургская обл
Viva design;ул. Цвиллинга, 42, Оренбург;Оренбургская обл
Мосплитка;ул. Монтажников, 30А, Оренбург;Оренбургская обл
Плитка 56;Беляевская ул., 20, Оренбург;Оренбургская обл
Керамир;Карагандинская ул., 60/1, Оренбург;Оренбургская обл
Центр плитки и ламината;ул. 8 Марта, 28, Пенза;Пенза
Керамогранит 58;ул. Рябова, 2, Пенза;Пенза
Вдом;ул. Лозицкой, 4, Пенза;Пенза
Дива Керамика;ул. Мира, 1, Пенза;Пенза
Дива Керамика;ул. Лозицкой, 4, Пенза;Пенза
Вектор;Центральная ул., 1, корп. 2, Пенза;Пенза
G-gres;Ладожская ул., 110, Пенза;Пенза
Лемана Про;просп. Строителей, 1Л, Пенза;Пенза
Центр керамогранита;ул. Кирова, 19А, Пенза, Россия;Пенза
Kerama Marazzi;ул. Пушкина, 45, Пенза;Пенза
Плитка-пол.рф;ул. Измайлова, 28В, Пенза;Пенза
Дива Керамика;Совхозная ул., 15, лит.З, Пенза;Пенза
Вектор;ул. 65-летия Победы, 43, Пенза;Пенза
Стильный пол;ул. Пушкина, 45, Пенза;Пенза
Termokit;ул. Пушкина, 15, Пенза;Пенза
Ticiana Deluxe;ул. Лозицкой, 4, Пенза;Пенза
Ремонт;ул. Металлистов, 4А, Пенза;Пенза
Стройбери;Мельничная ул., 50А, Пенза;Пенза
ЕвроДом;ул. Кулакова, 2, Пенза;Пенза
Lovati;ул. Калинина, 22А, Пенза;Пенза
Каменный век;3-й Объединённый пр., 33, Пенза;Пенза
Termokit;ул. Бакунина, 20Б, Пенза;Пенза
Сантехника-Онлайн;ул. Лозицкой, 4, Пенза;Пенза
Юст;Привокзальная площадь Станции Пенза-1, 9А, Пенза;Пенза
Центр керамогранита;ул. Пушкина, 45, Пенза;Пенза
Neodom;ул. Кулакова, 2, Пенза;Пенза
Стильный пол;ул. Измайлова, 28Б, Пенза;Пенза
Вектор;Пенза, жилой район Арбеково, микрорайон Дальнее Арбеково;Пенза
Марка плюс;1-й Индустриальный пр., 12, село Засечное;Пенза
Центр плитки;Большая Серпуховская ул., 36/1, Подольск;Подольск
Лемана Про;Молодёжная ул., 15, микрорайон Климовск, Подольск;Подольск
Для Ремонта;пр. Авиаторов, 1, Подольск;Подольск
Мосплитка;просп. Юных Ленинцев, 41, Подольск;Подольск
КерамСтайл;ул. Лобачёва, 6, стр. 4, Подольск;Подольск
Керамогранит. ру, склад;ул. Лобачёва, 15, Подольск;Подольск
Tesser;Домодедовское ш., 1В, посёлок Сельхозтехника;Подольск
Laparet;Домодедовское ш., 1В, посёлок Сельхозтехника;Подольск
Мастер-Строй;Вишнёвая ул., 13Б, Подольск;Подольск
Tesser;Московская область, Домодедовское шоссе, 20Л, стр. 1;Подольск
Керамическая плитка;Домодедовское ш., 1В, Подольск;Подольск
ПлитКерам;Домодедовское ш., 20, Подольск;Подольск
Creto;просп. Юных Ленинцев, 41, Подольск;Подольск
КерамТорг;просп. Юных Ленинцев, 61, Подольск;Подольск
ТехноАрт;Рощинская ул., 5, Подольск;Подольск
Клик Ют;Коммунальная ул., 50, микрорайон Климовск, Подольск;Подольск
Отделочные материалы;Ленинградский пр., 1, Подольск;Подольск
БауСервис;Домодедовское ш., 1В, посёлок Сельхозтехника;Подольск
Диарт;Московская область, городской округ Подольск, посёлок Сельхозтехника;Подольск
Красный дом;ул. Лобачёва, 13, Подольск;Подольск
Ближе к свету;пр. Авиаторов, 1, Подольск;Подольск
Италонил;просп. Юных Ленинцев, 45, Подольск;Подольск
Салон керамической плитки;Домодедовское ш., 2, Подольск;Подольск
СтройМаркет;пр. Авиаторов, 1, стр. 2, Подольск;Подольск
Плитка Buz;Московская область, городской округ Подольск, М-2 Крым, 36-й километр, с28;Подольск
Максидом;Восточная ул., 8, Щербинка;Подольск
Zv. Market;Почтовая ул., вл1, село Ям;Подольск
Керамика 77;Домодедовское ш., 45, Подольск;Подольск
A-Ceramica;Домодедовское ш., 14, стр. 1, Подольск;Подольск
Стильная плитка;Промышленная ул., 100, посёлок Подольской машинно-испытательной станции;Подольск
Тайлклаб;Кутузовская ул., 13, д. Северово;Подольск
АпексТаил;просп. Юных Ленинцев, 17, Подольск;Подольск
КерамоПро;Домодедовское ш., 20, Подольск;Подольск
Бомонд;Восточная ул., 7Б, стр. 1, микрорайон Львовский, Подольск;Подольск
Керамическая плитка;Московская область, городской округ Подольск, М-2 Крым, 36-й километр, с21;Подольск
Керамика Парадайз;Быковская ул., 15А, Подольск;Подольск
Корк Трейдинг;Вишнёвая ул., 9Б, Подольск;Подольск
Дом Плитки;село Ознобишино, 191;Подольск
Inquadra;Вишнёвая ул., 11, Подольск;Подольск
Молоток;д. Троицкое, с1;Подольск
Елисаветинский;Московская область, городской округ Подольск, посёлок Железнодорожный;Подольск
Керамогранит Плитка;Южная ул., 20, Щербинка;Подольск
B'n's Ceramica;Западная ул., 3А, микрорайон Климовск, Подольск;Подольск
Виды плитки;Симферопольское шоссе, 37-й километр, с23, Подольск;Подольск
Салон плитки;Лунная ул., 11, микрорайон Западный, Домодедово;Подольск
Магазин сантехники;Большая Серпуховская ул., 229, стр. 8, посёлок Железнодорожный;Подольск
Мир плитки;д. Троицкое, с1;Подольск
Клинкер, представительство;просп. Юных Ленинцев, 41, Подольск;Подольск
ПлиткА101. ру;ул. Полковника Милиции Курочкина, 1, микрорайон В, Троицк;Подольск
Plitkaprof;Домодедово, микрорайон Центральный, владение Элмос, с1;Подольск
Атлант;Рощинская ул., 5, Подольск;Подольск
Строймаркет;пр. Авиаторов, 1, корп. 1, Подольск;Подольск
Магазин ламината;пр. Авиаторов, 1, Подольск;Подольск
Arcadia Ceramica;ул. Кутузова, 12, Щербинка;Подольск
Склад магазина керамогранита и плитки;Домодедово, микрорайон Центральный, территория Домодедовский Торговый Двор, 2;Подольск
Лемана Про;Калужское ш., 60, Троицк;Подольск
ГресСтор, склад;Южная ул., 8, Щербинка;Подольск
Лемана Про;ул. Заборье, 130, микрорайон Востряково, Домодедово;Подольск
ГрантКерамо;Брестская ул., 32, село Ям;Подольск
Магазин напольных покрытий;пр. Авиаторов, 1, корп. 1, Подольск;Подольск
Керамическая плитка;Москва, Троицкий административный округ, Краснопахорский район, Калужское шоссе, 42-й километр, вл1А;Подольск
Сервискерамика;Москва, Новомосковский административный округ, район Щербинка, Рязановское шоссе, 20, стр. 1;Подольск
Импорт Мосплитка, склад;Москва, Новомосковский административный округ, район Щербинка, Симферопольское шоссе, 21Б;Подольск
Плитка;д. Красная Пахра, дв144с1;Подольск
Portofinoshop;Москва, Троицкий административный округ, район Вороново, квартал № 16, 2;Подольск
Керамосантек;Южная ул., 20, Щербинка;Подольск
Zv. Market инженерные системы;село Ям, Пахринский квартал, 26;Подольск
Эмил Раша;Станционная ул., 5А, микрорайон Центральный, Домодедово;Подольск
Лидер Керамика;Домодедово, микрорайон Центральный, территория Домодедовский Торговый Двор, 2;Подольск
Зергуд;д. Крюково, 31;Подольск
Всё для ремонта;ул. Заборье, 1Д, корп. 3, микрорайон Востряково, Домодедово;Подольск
Лемана Про;ул. Лермонтова, 3, микрорайон Белые Столбы, Домодедово;Подольск
Напольные покрытия и плитка;Москва, Троицкий административный округ, Краснопахорский район, Калужское шоссе, 42-й километр, вл1А;Подольск
Плитка;Почтовая ул., 24, село Ям;Подольск
Строительный бум;Фруктовая ул., 30В, Бугуруслан;Похвистнево
Домострой;Фруктовая ул., 2Б, Бугуруслан;Похвистнево
Laparet;Фруктовая ул., 2Б, Бугуруслан;Похвистнево
Домикс;ул. Красноармейское Шоссе, 94, Пушкино;Пушкино
Лемана Про;ул. Красноармейское Шоссе, 103, Пушкино;Пушкино
Kerama Marazzi;Ярославское ш., 182А, Пушкино;Пушкино
Плитка Подмосковья;Московский просп., 57, корп. 3, Пушкино;Пушкино
Сток Строй;Учинская ул., 20, стр. 1, Пушкино;Пушкино
Керамическая плитка;Центральная ул., 52, стр. 1, село Тарасовка;Пушкино
Ярославка 33;Ярославское шоссе, 33-й километр, 6Б/1, Пушкино;Пушкино
Лекса Керамик;Трудовая ул., 19А, Ивантеевка;Пушкино
Студия керамогранита Каменный цветок;ул. Толмачёва, 1/2, Ивантеевка;Пушкино
Строй-Квартал;Большая Тарасовская ул., 111, село Тарасовка;Пушкино
Симфония Интерьера;ул. Мира, 30, Россошь;Россошь
Laparet;ул. Мира, 30, Россошь;Россошь
Керамическая плитка;Песочный пер., 2Б, Россошь;Россошь
Росторг;Ростовское ш., 32, Россошь;Россошь
Стройка Ремонт 36;Октябрьская площадь, 76Г, Россошь;Россошь
Улица Карла Маркса, 19;ул. Карла Маркса, 19, Тамбов;Россошь
Элитдизайн;ул. Бородулина, 4, Центральный микрорайон, Рыбинск;Рыбинск
Арткера;ул. Суркова, 2, Рыбинск;Рыбинск
Атмосфера;ул. Плеханова, 13, Рыбинск;Рыбинск
Идеальный стандарт;ул. Свободы, 19, Рыбинск;Рыбинск
Радуга цвета;ул. Танкистов, 8В, Рыбинск;Рыбинск
Идеал Керамик;Волжская наб., 143, Рыбинск;Рыбинск
Лагуна;ул. Моторостроителей, 16Б, Рыбинск;Рыбинск
Интерьер;Крестовая ул., 71, Рыбинск;Рыбинск
Бюджетный;ул. 50 лет ВЛКСМ, 42, Рыбинск;Рыбинск
Мега Строй;Бурлацкая ул., 14, Рыбинск;Рыбинск
Центр СМ;ул. Труда, 93, Запахомовский район, Южный планировочный район, Рыбинск;Рыбинск
Строй Двор на Окружной;Ярославская область, Рыбинский район, Покровское сельское поселение, деревня Выгорода;Рыбинск
Хозтовары;ул. Суркова, 3, Рыбинск;Рыбинск
Лемана Про;ул. Дыбенко, 30, Самара;Самара
Лемана Про;Южное ш., 3А, Самара;Самара
Kerranova;Ново-Садовая ул., 138, Самара;Самара
Максидом;Самара, территория 18-й километр Московского шоссе, 27;Самара
Vizavi Ceramica;ул. Дыбенко, 98, Самара;Самара
69 Tiles;Галактионовская ул., 83, Самара;Самара
Ceramic Center;ул. Стара-Загора, 29А, Самара;Самара
Дом Керамики;Ново-Садовая ул., 31А, Самара;Самара
Technotile;ул. Дыбенко, 98, Самара;Самара
Кубатура;Красноармейская ул., 1, корп. 1, Самара;Самара
Магазин керамогранита и сантехники Дисконт-Центр;Самарская область, Волжский район, городское поселение Смышляевка, территория Промзона, Мостовая улица;Самара
Керамир;Заводское ш., 16Г, Самара;Самара
VIP Керамика салон Керамической Плитки и Керамогранита;ул. Крупской, 1, корп. 2, Самара;Самара
Мир Плитки;ул. Дыбенко, 23, Самара;Самара
Моя Плитка;ул. Дыбенко, 20, Самара;Самара
Дом керамики;Ново-Садовая ул., 31А, Самара;Самара
Мир керамики;Красноармейская ул., 1, корп. 1, Самара;Самара
Респект Керамика;ул. Агибалова, 68, Самара;Самара
Уюткерамика;Московское шоссе, 16-й километр, 5, Самара;Самара
Керамика Уюта;ул. Елизарова, 1А, Самара;Самара
Современный Дом;ул. Гагарина, 100, Самара;Самара
Kerama Marazzi;ул. Антонова-Овсеенко, 59Б, Самара;Самара
Bon-Ton ceramica;просп. Ленина, 25А, Самара;Самара
Моя Плитка;ул. Антонова-Овсеенко, 63, Самара;Самара
Дом плитки;Каширская ул., 3Б, жилой район Яицкое, посёлок Придорожный;Самара
Kerama Marazzi;ул. Соколова, 32, Самара;Самара
Дом плитки;Ново-Вокзальная ул., 2В, Самара;Самара
Art Centre;Самара, территория 18-й километр Московского шоссе, 27А;Самара
Kerama Marazzi;Ново-Вокзальная ул., 114Б, Самара;Самара
Vok Ceramic;Красноармейская ул., 124, Самара;Самара
Дом плитки;Ново-Вокзальная ул., 2А/1, Самара;Самара
ТрендФлор;ул. Авроры, 114А, корп. 5, Самара;Самара
Максидом;просп. Кирова, 308А, Самара;Самара
Kerama Marazzi;Товарная ул., 70, Самара;Самара
Vizavi Ceramica;Красноармейская ул., 1, корп. 3, Самара;Самара
Laparet;Красноармейская ул., 1, корп. 3, Самара;Самара
Гауди;ул. Дыбенко, 34, Самара;Самара
Prostranstvo;Московское шоссе, 17-й километр, 14/16, Самара;Самара
Авантаж;Кабельная ул., 16А, Самара;Самара
Мир керамики;Заводское ш., 3Б, Самара;Самара
Art Centre;Олимпийская ул., 153, Самара;Самара
Италон;ул. Агибалова, 68, Самара;Самара
Корунд;ул. 22-го Партсъезда, 1/2, Самара;Самара
Плиткоин;ул. Дыбенко, 20, Самара;Самара
Доминат;Ново-Садовая ул., 317А, Самара;Самара
Tile & More;Красноармейская ул., 115, Самара;Самара
Группа Компаний Сигма;ул. 22-го Партсъезда, 7А, корп. 12, Самара;Самара
Моя Плитка;Красноармейская ул., 1, корп. 1, Самара;Самара
ArtKera;Красноармейская ул., 1, корп. 3, Самара;Самара
Керамир;Ново-Садовая ул., 136, Самара;Самара
Ennface;Конноармейская ул., 17, Самара;Самара
Керамик;Ново-Садовая ул., 317А, Самара;Самара
Дом плитки;ул. 22-го Партсъезда, 1/2, Самара;Самара
Боттичино;Вилоновская ул., 84, Самара;Самара
A-Studio;Красноармейская ул., 62, Самара;Самара
Винер Груп;Конноармейская ул., 17, Самара;Самара
Дисорт;ул. Крупской, 1А, Самара;Самара
Гапстудия;ул. Стара-Загора, 78, Самара;Самара
ЛюксФорм;Владимирская ул., 18А, Самара;Самара
Кирова 10;просп. Кирова, 10к4/1, Самара;Самара
Мега плитка;ул. Дзержинского, 48, Самара;Самара
Lb Ceramics Самара;Алма-Атинская ул., 183В, Самара;Самара
Арткера;Московское шоссе, 18-й километр, 27Б, Самара;Самара
Мега-Керамика;ул. Крупской, 1А, Самара;Самара
Италон;Московское шоссе, 17-й километр, 14/16, Самара;Самара
Дом кафеля;ул. 22-го Партсъезда, 1/2, Самара;Самара
Оникс;ул. 22-го Партсъезда, 1/2, Самара;Самара
Планета Плитки;Ново-Вокзальная ул., 2А, Самара;Самара
Керамическая плитка;Ново-Вокзальная ул., 2А/1, Самара;Самара
Gaudi;Самарская область, Волжский район, городское поселение Смышляевка, территория Промзона, Мостовая улица, 2А;Самара
Территория плитки;Ново-Вокзальная ул., 2А, Самара;Самара
Арткерамика;Красноармейская ул., 1, корп. 3, Самара;Самара
Арттайл;ул. Дыбенко, 27В, Самара;Самара
Mg-Ceramic;просп. Карла Маркса, 526, Самара;Самара
Феникс;Заводское ш., 23А, Самара;Самара
БОН. Тон;Московское ш., 25, Самара;Самара
Евробрик;Ленинская ул., 224, Самара;Самара
Neodom;Владимирская ул., 18А, Самара;Самара
Центр Керамической Плитки;ул. 22-го Партсъезда, 1/2, Самара;Самара
Новая Керамика;Партизанская ул., 86, Самара;Самара
Мир керамики;ул. 22-го Партсъезда, 1/2, Самара;Самара
Dom плитки;Московское шоссе, 18-й километр, 25С, Самара;Самара
Вилера;Днепровский пр., 2, Самара;Самара
Сигма;Ракитовское ш., 2, стр. 18, Самара;Самара
Мегалюкс;Революционная ул., 111, Самара;Самара
Дом Кафеля;Красноармейская ул., 1, корп. 1, Самара;Самара
Авантаж;Кабельная ул., 34Б, Самара;Самара
Брик Дорфф;Солнечная ул., 28, Самара;Самара
Идеал Керама;Ново-Вокзальная ул., 2А, Самара;Самара
Kerama Life;Московское шоссе, 18-й километр, 25С, Самара;Самара
Стиль Керамика;Ново-Вокзальная ул., 2А, Самара;Самара
Сантехника-Онлайн;Ново-Садовая ул., 220А, Самара;Самара
Audax;Красноармейская ул., 1, корп. 1, Самара;Самара
Керамогранит63.рф;ул. Антонова-Овсеенко, 63, Самара;Самара
Студия плитки;Запорожская ул., 19А, Самара;Самара
Дисконт-центр;Самара, посёлок Мехзавод, 11-й квартал, 13А, корп. 2;Самара
Керамогранит;ул. Александра Невского, 161, Самара;Самара
Самфира;Ново-Вокзальная ул., 2А, Самара;Самара
Grand Керамо;ул. Миронова, 17, Новокуйбышевск;Самара
УниверсалОпт;Партизанская ул., 31А, Самара;Самара
География пола;Революционная ул., 70, Самара;Самара
БауСити;Товарная ул., 70, корп. 2, Самара;Самара
Салон керамической плитки;Московское шоссе, 17-й километр, 10, Самара;Самара
Estima;ул. Механиков, 20, п. г. т. Смышляевка;Самара
Стройфарфор;Самарская область, Волжский район, городское поселение Смышляевка, территория Промзона, Мостовая улица, 2;Самара
Теплый Дом;Владимирская ул., 64, Самара;Самара
Бау Восток;Московское шоссе, 18-й километр, 27Б, Самара;Самара
Керамосити;просп. Кирова, 3, корп. 2, Самара;Самара
Керранова плюс;ул. Тополей, 1А, корп. 1, п. г. т. Стройкерамика;Самара
Сантехника;ул. Елизарова, 1, стр. 4, Самара;Самара
Алма;Алма-Атинская ул., 238, Самара;Самара
ЦентрПол;Московское шоссе, 17-й километр, 10, Самара;Самара
Azori;ул. Механиков, 9, п. г. т. Смышляевка;Самара
Партнерторг;Смышляевское ш., 1А, Самара;Самара
ДарПол;Ново-Вокзальная ул., 2А, Самара;Самара
Двери, плитка, ламинат, линолеум, кварцвинил;Ново-Вокзальная ул., 2А, корп. 4, Самара;Самара
АРС;Ново-Садовая ул., 265А, Самара;Самара
Усадьба;ул. Крупской, 1А, Самара;Самара
ВТК;просп. Кирова, 10, Самара;Самара
Grasaro;Самарская область, Волжский район, городское поселение Смышляевка, посёлок городского типа Смышляевка;Самара
Baust;Ново-Вокзальная ул., 2А, Самара;Самара
Строим вместе.рф;ул. Стара-Загора, 167Г, корп. 1, Самара;Самара
Вода;Московское шоссе, 17-й километр, 10, Самара;Самара
ЧиниРу;просп. Кирова, 424В, Самара;Самара
Ох какая;просп. Кирова, 3, корп. 4, Самара;Самара
Плитка;ул. Репина, 13, посёлок Чапаевка;Самара
Дисконт центр;Олимпийская ул., 153, Самара;Самара
Сантехника-Онлайн;Самара, территория 18-й километр Московского шоссе, 25А;Самара
Forman;Олимпийская ул., 73Б, Самара;Самара
Голд Метакс;Московское шоссе, 17-й километр, 10, Самара;Самара
1 Сорт;ул. Дыбенко, 23, Самара;Самара
СтройМаркет;Родная ул., 11, СНП Рассвет;Самара
Парус;ул. Дзержинского, 13, Новокуйбышевск;Самара
Строймир;п. г. т. Усть-Кинельский, территория гаражного массива № 1, 12;Самара
Premier;ул. Дзержинского, 29, Новокуйбышевск;Самара
Лемана Про;ул. Дыбенко, 30, Самара;Самарская обл
Магазин керамогранита и сантехники Дисконт-Центр;Самарская область, Волжский район, городское поселение Смышляевка, территория Промзона, Мостовая улица;Самарская обл
Плитка. expert;Приморский бул., 54А, Тольятти;Самарская обл
Лемана Про;Московское шоссе, 24-й километр, 5, Самара;Самарская обл
Лемана Про;Южное ш., 3А, Самара;Самарская обл
Лемана Про;Южное ш., 6А, Тольятти;Самарская обл
Дом плитки;Каширская ул., 3Б, жилой район Яицкое, посёлок Придорожный;Самарская обл
Центр керамики;Московский просп., 8Б, Тольятти;Самарская обл
Керамир;Базовая ул., 24, стр. 1, Тольятти;Самарская обл
Максидом;Самара, территория 18-й километр Московского шоссе, 27;Самарская обл
Gaudi;Самарская область, Волжский район, городское поселение Смышляевка, территория Промзона, Мостовая улица, 2А;Самарская обл
Русский кафель;ул. Ларина, 149В, Тольятти;Самарская обл
Ceramic Center;ул. Стара-Загора, 29А, Самара;Самарская обл
Мир Плитки;Московский просп., 8/14, Тольятти;Самарская обл
Керамика Уюта;ул. Елизарова, 1А, Самара;Самарская обл
Kerranova;Ново-Садовая ул., 138, Самара;Самарская обл
Керамир;Заводское ш., 16Г, Самара;Самарская обл
Technotile;ул. Дыбенко, 98, Самара;Самарская обл
Estima;ул. Механиков, 20, п. г. т. Смышляевка;Самарская обл
Уюткерамика;Московское шоссе, 16-й километр, 5, Самара;Самарская обл
Мир Плитки;ул. Дыбенко, 23, Самара;Самарская обл
69 Tiles;Галактионовская ул., 83, Самара;Самарская обл
Стройфарфор;Самарская область, Волжский район, городское поселение Смышляевка, территория Промзона, Мостовая улица, 2;Самарская обл
Prostranstvo;Московское шоссе, 17-й километр, 14/16, Самара;Самарская обл
Плитка Дизайн;Коммунальная ул., 32, Тольятти;Самарская обл
Art Centre;Самара, территория 18-й километр Московского шоссе, 27А;Самарская обл
Kerama Marazzi;Ново-Вокзальная ул., 114Б, Самара;Самарская обл
Vok Ceramic;Красноармейская ул., 124, Самара;Самарская обл
Kerama Marazzi;ул. Соколова, 32, Самара;Самарская обл
Kerama Marazzi;ул. Маршала Жукова, 8, Тольятти;Самарская обл
Центр керамики;просп. Степана Разина, 97, Тольятти;Самарская обл
Гауди;ул. Дыбенко, 34, Самара;Самарская обл
Керранова плюс;ул. Тополей, 1А, корп. 1, п. г. т. Стройкерамика;Самарская обл
Vizavi Ceramica;ул. Дыбенко, 98, Самара;Самарская обл
Дом Плитки;Приморский бул., 72/1, Тольятти;Самарская обл
Дом плитки;Ново-Вокзальная ул., 2А/1, Самара;Самарская обл
Дом керамики;Ново-Садовая ул., 31А, Самара;Самарская обл
Респект Керамика;ул. Агибалова, 68, Самара;Самарская обл
Современный Дом;ул. Гагарина, 100, Самара;Самарская обл
Art Centre;Олимпийская ул., 153, Самара;Самарская обл
Красивая плитка;ул. Фридриха Энгельса, 48, Сызрань;Самарская обл
Дом Керамики;Ново-Садовая ул., 31А, Самара;Самарская обл
КерамМир;Производственная ул., 34, Чапаевск;Самарская обл
Мир керамики;Заводское ш., 3Б, Самара;Самарская обл
Италон;Московское шоссе, 17-й километр, 14/16, Самара;Самарская обл
Авантаж;Кабельная ул., 16А, Самара;Самарская обл
Vizavi Ceramica;Красноармейская ул., 1, корп. 3, Самара;Самарская обл
Grand Керамо;ул. Миронова, 17, Новокуйбышевск;Самарская обл
Керама маркет;Московский просп., 7, Тольятти;Самарская обл
Laparet;Красноармейская ул., 1, корп. 3, Самара;Самарская обл
Tile & More;Красноармейская ул., 115, Самара;Самарская обл
Италон;ул. Агибалова, 68, Самара;Самарская обл
ArtKera;Красноармейская ул., 1, корп. 3, Самара;Самарская обл
Kerama Marazzi;Товарная ул., 70, Самара;Самарская обл
Дом плитки;Ново-Вокзальная ул., 2В, Самара;Самарская обл
Керамир;Ново-Садовая ул., 136, Самара;Самарская обл
Саго Керамика;Юбилейная ул., 37А, Тольятти;Самарская обл
Grasaro;Самарская область, Волжский район, городское поселение Смышляевка, посёлок городского типа Смышляевка;Самарская обл
Керамик;Ново-Садовая ул., 317А, Самара;Самарская обл
Золотой ключ;ул. Громовой, 28, Тольятти;Самарская обл
Estima;Ново-Садовая ул., 317А, Самара;Самарская обл
Azori;ул. Механиков, 9, п. г. т. Смышляевка;Самарская обл
Арткера;Московское шоссе, 18-й километр, 27Б, Самара;Самарская обл
Строй-Комфорт;ул. Черняховского, 20А, Чапаевск;Самарская обл
Bon-Ton ceramica;просп. Ленина, 25А, Самара;Самарская обл
Кирова 10;просп. Кирова, 10к4/1, Самара;Самарская обл
Кубатура;Красноармейская ул., 1, корп. 1, Самара;Самарская обл
Dom плитки;Московское шоссе, 18-й километр, 25С, Самара;Самарская обл
Планета Плитка;Тополиная ул., 4А, Тольятти;Самарская обл
Оникс;ул. 22-го Партсъезда, 1/2, Самара;Самарская обл
Плитка Холл;Юбилейная ул., 40, Тольятти;Самарская обл
Perfect ceramic;ул. Мира, 56, стр. 2, Тольятти;Самарская обл
Mg-Ceramic;просп. Карла Маркса, 526, Самара;Самарская обл
Дом плитки;ул. 22-го Партсъезда, 1/2, Самара;Самарская обл
Дом Плитки;Железнодорожная ул., 22А, Чапаевск;Самарская обл
Керамика уюта;Муромская ул., 2А, Кинель;Самарская обл
Моя Плитка;Красноармейская ул., 1, корп. 1, Самара;Самарская обл
Art Moga;Комсомольская ул., 60, Жигулёвск;Самарская обл
Винер Груп;Конноармейская ул., 17, Самара;Самарская обл
A-Studio;Красноармейская ул., 62, Самара;Самарская обл
Плиткоин;ул. Дыбенко, 20, Самара;Самарская обл
Моя Плитка;ул. Дыбенко, 20, Самара;Самарская обл
Боттичино;Вилоновская ул., 84, Самара;Самарская обл
Цунами;ул. Свердлова, 37А, Тольятти;Самарская обл
Ennface;Конноармейская ул., 17, Самара;Самарская обл
Торговый дом Керамика;Рабочая ул., 97, Сызрань;Самарская обл
Дисорт;ул. Крупской, 1А, Самара;Самарская обл
МегаСтрой;ул. Громовой, 33/2, Тольятти;Самарская обл
Корунд;ул. 22-го Партсъезда, 1/2, Самара;Самарская обл
Группа Компаний Сигма;ул. 22-го Партсъезда, 7А, корп. 12, Самара;Самарская обл
ВОГ - Самара;Московское шоссе, 20-й километр, 33, Самара;Самарская обл
Гапстудия;ул. Стара-Загора, 78, Самара;Самарская обл
Арткерамика;Красноармейская ул., 1, корп. 3, Самара;Самарская обл
Доминат;Ново-Садовая ул., 317А, Самара;Самарская обл
Арттайл;ул. Дыбенко, 27В, Самара;Самарская обл
Гауди;Московское шоссе, 23-й километр, 28А, Самара;Самарская обл
Stonehill;ул. Мира, 133А, Тольятти;Самарская обл
Брик Дорфф;Солнечная ул., 28, Самара;Самарская обл
Феникс;Заводское ш., 23А, Самара;Самарская обл
БОН. Тон;Московское ш., 25, Самара;Самарская обл
Центр Керамической Плитки;ул. 22-го Партсъезда, 1/2, Самара;Самарская обл
Neodom;Владимирская ул., 18А, Самара;Самарская обл
Плитка;ул. Репина, 13, посёлок Чапаевка;Самарская обл
ЛюксФорм;Владимирская ул., 18А, Самара;Самарская обл
Мега-Керамика;ул. Крупской, 1А, Самара;Самарская обл
Мега плитка;ул. Дзержинского, 48, Самара;Самарская обл
Дисконт Керама Маркет;просп. Степана Разина, 97Б, Тольятти;Самарская обл
Мир керамики;ул. 22-го Партсъезда, 1/2, Самара;Самарская обл
СтройМаркет;Родная ул., 11, СНП Рассвет;Самарская обл
ТрендФлор;ул. Авроры, 114А, корп. 5, Самара;Самарская обл
Дом кафеля;ул. 22-го Партсъезда, 1/2, Самара;Самарская обл
Lb Ceramics Самара;Алма-Атинская ул., 183В, Самара;Самарская обл
Планета плитка;Коммунальная ул., 32, Тольятти;Самарская обл
Планета Плитки;Ново-Вокзальная ул., 2А, Самара;Самарская обл
Kerama Life;Московское шоссе, 18-й километр, 25С, Самара;Самарская обл
Боттичино;Юбилейная ул., 1А, Тольятти;Самарская обл
Итальянская плитка;Коммунальная ул., 30, Тольятти;Самарская обл
Евробрик;Ленинская ул., 224, Самара;Самарская обл
Дисконт-центр;Самара, посёлок Мехзавод, 11-й квартал, 13А, корп. 2;Самарская обл
Керамическая плитка;Ново-Вокзальная ул., 2А/1, Самара;Самарская обл
Laparet;Коммунальная ул., 36, Тольятти;Самарская обл
Сигма;Ракитовское ш., 2, стр. 18, Самара;Самарская обл
Бау Восток;Московское шоссе, 18-й километр, 27Б, Самара;Самарская обл
Мегалюкс;Революционная ул., 111, Самара;Самарская обл
Дом Кафеля;Красноармейская ул., 1, корп. 1, Самара;Самарская обл
Laparet;Московский просп., 8Б, Тольятти;Самарская обл
Новая Керамика;Партизанская ул., 86, Самара;Самарская обл
Авантаж;Кабельная ул., 34Б, Самара;Самарская обл
Neodom;Коммунальная ул., 32, Тольятти;Самарская обл
Салон керамической плитки;Московское шоссе, 17-й километр, 10, Самара;Самарская обл
Вилера;Днепровский пр., 2, Самара;Самарская обл
Строительный двор;Светлая ул., 125Б, Кинель;Самарская обл
Территория плитки;Ново-Вокзальная ул., 2А, Самара;Самарская обл
Gracia;ул. Ленина, 62, Чапаевск;Самарская обл
Гамма Дизайн;ул. Маршала Жукова, 2, Тольятти;Самарская обл
Надежда;Воскресенская ул., 19А, Тольятти;Самарская обл
Керамогранит63.рф;ул. Антонова-Овсеенко, 63, Самара;Самарская обл
БауСити;Товарная ул., 70, корп. 2, Самара;Самарская обл
Цунами;Коммунальная ул., 32, Тольятти;Самарская обл
Audax;Красноармейская ул., 1, корп. 1, Самара;Самарская обл
Керамогранит;ул. Александра Невского, 161, Самара;Самарская обл
Комцумир;Коммунальная ул., 32, Тольятти;Самарская обл
Максидом;просп. Кирова, 308А, Самара;Самарская обл
Di-Строй;ул. Чехова, 5В, Кинель;Самарская обл
ЦентрПол;Московское шоссе, 17-й километр, 10, Самара;Самарская обл
УниверсалОпт;Партизанская ул., 31А, Самара;Самарская обл
Стиль Керамика;Ново-Вокзальная ул., 2А, Самара;Самарская обл
Парус;ул. Дзержинского, 13, Новокуйбышевск;Самарская обл
Алма;Алма-Атинская ул., 238, Самара;Самарская обл
ДарПол;Московская ул., 4, Сызрань;Самарская обл
Бригадир;Коммунальная ул., 10, Тольятти;Самарская обл
География пола;Революционная ул., 70, Самара;Самарская обл
Теплый Дом;Владимирская ул., 64, Самара;Самарская обл
Студия плитки;Запорожская ул., 19А, Самара;Самарская обл
Сантехника;ул. Елизарова, 1, стр. 4, Самара;Самарская обл
Сантехника-Онлайн;Ново-Садовая ул., 220А, Самара;Самарская обл
Идеал Керама;Ново-Вокзальная ул., 2А, Самара;Самарская обл
Строймир;п. г. т. Усть-Кинельский, территория гаражного массива № 1, 12;Самарская обл
Усадьба;ул. Крупской, 1А, Самара;Самарская обл
Дом Кафеля;Коммунальная ул., 32, Тольятти;Самарская обл
Premier;ул. Дзержинского, 29, Новокуйбышевск;Самарская обл
Керамосити;просп. Кирова, 3, корп. 2, Самара;Самарская обл
Партнерторг;Смышляевское ш., 1А, Самара;Самарская обл
ArtDi. go;Коммунальная ул., 32, Тольятти;Самарская обл
ЧиниРу;просп. Кирова, 424В, Самара;Самарская обл
Вода;Московское шоссе, 17-й километр, 10, Самара;Самарская обл
Сантехника-Онлайн;Самара, территория 18-й километр Московского шоссе, 25А;Самарская обл
Ваш дом;бул. Кулибина, 6А, 2-й квартал, Тольятти;Самарская обл
Строим вместе.рф;ул. Стара-Загора, 167Г, корп. 1, Самара;Самарская обл
Плитка;Дачная ул., 101, село Подстепки;Самарская обл
ДарПол;Ново-Вокзальная ул., 2А, Самара;Самарская обл
Exclusive Studio;Юбилейная ул., 5А, Тольятти;Самарская обл
Forman;Олимпийская ул., 73Б, Самара;Самарская обл
Тротуарная плитка;Самарская область, Сызрань, район ЗТМ;Самарская обл
Плитка от производителя;Малиновая ул., 2А, село Подстепки;Самарская обл
Дисконт центр;Олимпийская ул., 153, Самара;Самарская обл
Ох какая;просп. Кирова, 3, корп. 4, Самара;Самарская обл
1 Сорт;ул. Дыбенко, 23, Самара;Самарская обл
Петрович;Таллинское ш., 155, корп. 1, Санкт-Петербург;Санкт-Петербург
Центр Керамической Плитки;ул. Салова, 53, корп. 1, Санкт-Петербург;Санкт-Петербург
Artcer;ул. Фучика, 9, Санкт-Петербург;Санкт-Петербург
Вип Клинкер;Октябрьская наб., 10, корп. 1, Санкт-Петербург;Санкт-Петербург
Estima;Волго-Донской просп., 1, стр. 4, Санкт-Петербург;Санкт-Петербург
МастерДом;Финляндский просп., 4, Санкт-Петербург;Санкт-Петербург
Лемана Про;просп. Испытателей, 5, корп. 2, Санкт-Петербург;Санкт-Петербург
Лемана Про;Уральская ул., 20, Санкт-Петербург;Санкт-Петербург
Лемана Про;ул. Руставели, 59, Санкт-Петербург;Санкт-Петербург
Лемана Про;ул. Партизана Германа, 2, Санкт-Петербург;Санкт-Петербург
Лемана Про;Парашютная ул., 60В, Санкт-Петербург;Санкт-Петербург
Поиск плитки;ул. Ильюшина, 14, Санкт-Петербург;Санкт-Петербург
Плитказавр.ru;Ждановская ул., 45, Санкт-Петербург;Санкт-Петербург
Мегаполис;Якорная ул., 6, Санкт-Петербург;Санкт-Петербург
Stone-cold.ru;Малая Конюшенная ул., 8, Санкт-Петербург;Санкт-Петербург
Строймиг;Лахтинский просп., 85В, Санкт-Петербург, Россия;Санкт-Петербург
Ларакерамика;Большой Сампсониевский просп., 70, Санкт-Петербург;Санкт-Петербург
Центр Керамики;Московский просп., 183-185Ак2А, Санкт-Петербург;Санкт-Петербург
Kerama Marazzi;Большой просп. Петроградской стороны, 30, Санкт-Петербург;Санкт-Петербург
Kerama Marazzi;Можайская ул., 2, Санкт-Петербург;Санкт-Петербург
Kerama Marazzi;Спасский пер., 9/24, Санкт-Петербург;Санкт-Петербург
КапРемонт.рф;ул. Рубинштейна, 8, Санкт-Петербург;Санкт-Петербург
Керам Маркет;Дальневосточный просп., 12, корп. 2, Санкт-Петербург;Санкт-Петербург
Novoceramica;Лиговский просп., 200, Санкт-Петербург;Санкт-Петербург
Плитбург;просп. Просвещения, 69, Санкт-Петербург;Санкт-Петербург
Ленплитка;Железноводская ул., 3, Санкт-Петербург;Санкт-Петербург
Керамотека;Железноводская ул., 32, Санкт-Петербург;Санкт-Петербург
Kerama Marazzi;ул. Савушкина, 118, Санкт-Петербург;Санкт-Петербург
Элит Керамика;2-я Советская ул., 14/4, Санкт-Петербург;Санкт-Петербург
VitrAstore;Каменноостровский просп., 57, Санкт-Петербург;Санкт-Петербург
Керам Маркет;Железноводская ул., 1, Санкт-Петербург;Санкт-Петербург
Арт Грес;Литейный просп., 26, Санкт-Петербург;Санкт-Петербург
Сквирел;ул. Решетникова, 17, корп. 2, Санкт-Петербург;Санкт-Петербург
Laparet;Железноводская ул., 5, Санкт-Петербург;Санкт-Петербург
СПбСНАБ;Бассейная ул., 37, Санкт-Петербург;Санкт-Петербург
Tesser;Якорная ул., 1, Санкт-Петербург;Санкт-Петербург
Керомаг;Полевая Сабировская ул., 54, Санкт-Петербург;Санкт-Петербург
Стройторг;ул. Достоевского, 20-22, Санкт-Петербург;Санкт-Петербург
Керамама.ру - Artkera Group;Дунайский просп., 28, корп. 2, Санкт-Петербург;Санкт-Петербург
Карлен Керамикс;Кантемировская ул., 37, Санкт-Петербург;Санкт-Петербург
Ларакерамика, офис;Минеральная ул., 13, Санкт-Петербург;Санкт-Петербург
Kerama Marazzi;Петергофское ш., 57, Санкт-Петербург;Санкт-Петербург
Керамика;ул. Жуковского, 33, Санкт-Петербург;Санкт-Петербург
Керамос;просп. Большевиков, 47, корп. 1, Санкт-Петербург;Санкт-Петербург
Аквакера;Будапештская ул., 11, Санкт-Петербург;Санкт-Петербург
Mplitka.com;Кожевенная линия, 27, корп. 1, Санкт-Петербург;Санкт-Петербург
Н-Керамикс;ул. Типанова, 21, Санкт-Петербург;Санкт-Петербург
Uplitka.ru;Дальневосточный просп., 14;Санкт-Петербург
Керамик Зона;Днепропетровская ул., 9Б;Санкт-Петербург
Керам Маркет;ул. Фучика, 9;Санкт-Петербург
Keramead;Шуваловский просп., 41, корп. 1;Санкт-Петербург
Вип Клинкер;Октябрьская наб., 10, корп. 1;Санкт-Петербург
VIP Керамика;Железноводская ул., 7;Санкт-Петербург
Ленплитка;Ленинский просп., 140;Санкт-Петербург
БалтПромКерамика;просп. Девятого Января, 3, корп. 1;Санкт-Петербург
Lucido;Озерной пер., 8;Санкт-Петербург
Лемана Про;Уральская ул., 20;Санкт-Петербург
Керамолл;Студенческая ул., 10;Санкт-Петербург
Estima;Красногвардейская площадь, 3Е;Санкт-Петербург
Стиль Керамики;Московский просп., 183-185Ак6;Санкт-Петербург
Атмосфера;Выборгское ш., 15;Санкт-Петербург
Бест Керамикс;наб. реки Смоленки, 35, корп. 1;Санкт-Петербург
Мегаполис;Чугунная ул., 2У;Санкт-Петербург
Сквирел;просп. Просвещения, 75;Санкт-Петербург
Италкерамика;Репищева ул., 14Ж;Санкт-Петербург
Стиль керамики;Студенческая ул., 10;Санкт-Петербург
Строймиг;Лахтинский просп., 85В;Санкт-Петербург
Konzept;Морская наб., 15;Санкт-Петербург
Дом Да Комфорт;просп. Народного Ополчения, 22;Санкт-Петербург
S-Keramika;Уманский пер., 68, корп. 1;Санкт-Петербург
Artcer;ул. Фучика, 9;Санкт-Петербург
Novus Size+;Уральская ул., 13;Санкт-Петербург
Кераплитка;Новолитовская ул., 15;Санкт-Петербург
Романтик Керама;ул. Фучика, 9;Санкт-Петербург
Альтаформа;Лиговский просп., 123;Санкт-Петербург
Гудбренд;Заневский просп., 28-30-32;Санкт-Петербург
Мосплитка;ул. Савушкина, 119, корп. 3;Санкт-Петербург
Гранит Хаус;Шафировский просп., 28;Санкт-Петербург
Ленплитка;Студенческая ул., 10;Санкт-Петербург
Стройторг;Богатырский просп., 25, корп. 1;Санкт-Петербург
Урбанист;Полевая Сабировская ул., 54;Санкт-Петербург
Estima;Волго-Донской просп., 1, стр. 4;Санкт-Петербург
Керамо Эврика;ул. Ольги Берггольц, 4Б;Санкт-Петербург
AgeArt;Красногвардейская площадь, 3Е;Санкт-Петербург
Керамос;Полевая Сабировская ул., 54;Санкт-Петербург
Кредит Керамика;Лиговский просп., 150;Санкт-Петербург
Музей керамики;ул. Типанова, 21;Санкт-Петербург
Урбанист;Студенческая ул., 10;Санкт-Петербург
Первая Керамическая Компания;ул. Салова, 27АД;Санкт-Петербург
Сквирел;Ленинский просп., 147;Санкт-Петербург
GraniPlitka.ru;ул. Фучика, 9;Санкт-Петербург
Плитка большая и малая;Красногвардейская площадь, 3Е;Санкт-Петербург
Музей Керамики;Планерная ул., 59;Санкт-Петербург
Кафель Стиль;Удельный просп., 40;Санкт-Петербург
Пош интериорс;ул. Фучика, 9;Санкт-Петербург
Ларакерамика, склад;Менделеевская ул., 6А;Санкт-Петербург
КафельГрад;Железноводская ул., 3;Санкт-Петербург
Archskin;Красногвардейская площадь, 3Е;Санкт-Петербург
Стройторг;ул. Уточкина, 4, корп. 1Б;Санкт-Петербург
Керамин-Нева;Подъездной пер., 1;Санкт-Петербург
Урбанист;ул. Фучика, 9;Санкт-Петербург
Диалог;Гражданский просп., 41, корп. 2Б;Санкт-Петербург
Granitile;Новолитовская ул., 15;Санкт-Петербург
Barberini;Садовая ул., 94;Санкт-Петербург
Каффель;просп. Испытателей, 29, корп. 1;Санкт-Петербург
Атмосфера;ул. Савушкина, 119, корп. 3;Санкт-Петербург
Sturm;Наличная ул., 14;Санкт-Петербург
Creto;Полевая Сабировская ул., 54;Санкт-Петербург
Эксима;Новолитовская ул., 15;Санкт-Петербург
Spazioiris;Красногвардейская площадь, 3Е;Санкт-Петербург
Estima;просп. Народного Ополчения, 22;Санкт-Петербург
Эксима;Волго-Донской просп., 4;Санкт-Петербург
Дон Керам;ул. Фучика, 9;Санкт-Петербург
Estima;Уральская ул., 10, корп. 1;Санкт-Петербург
Квинтэссенция интерьера;Кожевенная линия, 30;Санкт-Петербург
Elkeramik.ru;наб. Обводного канала, 148, корп. 2;Санкт-Петербург
3D-плитка;Комендантский просп., 4, корп. 2, лит.А;Санкт-Петербург
18Линия;18-я линия Васильевского острова, 49;Санкт-Петербург
КерамоМозаик;Большая Пушкарская ул., 3В;Санкт-Петербург
Магия комфорта;ул. Шостаковича, 8, корп. 1;Санкт-Петербург
Виа Керамика;Полевая Сабировская ул., 54;Санкт-Петербург
Uplitka.ru;Варшавская ул., 3, корп. 1;Санкт-Петербург
Италон;Выборгское ш., 15;Санкт-Петербург
Мегаполис;Уральская ул., 10, корп. 1;Санкт-Петербург
Топ-резка;просп. Энгельса, 22;Санкт-Петербург
Romantic Cerama;просп. Будённого, 27, корп. 1;Санкт-Петербург
Грани Таганая;Днепропетровская ул., 9Б;Санкт-Петербург
Гм Керамика;ул. Руставели, 5, корп. 1;Санкт-Петербург
Kafel Time;ул. Белы Куна, 3;Санкт-Петербург
Дисконт-Керамик;просп. Будённого, 27, корп. 1;Санкт-Петербург
Компания Керамика;Бронницкая ул., 7;Санкт-Петербург
Авангард Стиля;ул. Савушкина, 119, корп. 3;Санкт-Петербург
ПолимерСтройМатериалы;Ириновский просп., 1Ж;Санкт-Петербург
Керамикс;Комендантский просп., 4;Санкт-Петербург
Дон Керам;Полевая Сабировская ул., 54;Санкт-Петербург
Афоня;Железноводская ул., 3;Санкт-Петербург
Лемана Про;ул. Руставели, 59;Санкт-Петербург
Фасад Керамика;Ново-Рыбинская ул., 19/21;Санкт-Петербург
FortressTrade;Волго-Донской просп., 4;Санкт-Петербург
Керамика-сервис;1-й Верхний пер., 12, лит.З;Санкт-Петербург
Домикс;ул. Фучика, 9;Санкт-Петербург
KeramoSpb;Студенческая ул., 10;Санкт-Петербург
Сфера;Лахтинский просп., 83, корп. 2;Санкт-Петербург
Италон;ул. Савушкина, 119, корп. 3;Санкт-Петербург
Laparet;Якорная ул., 1;Санкт-Петербург
Керамир;Ленинский просп., 134;Санкт-Петербург
KafelNet.ru;Ленинский просп., 140И;Санкт-Петербург
Дом Гарсиа;17-я линия Васильевского острова, 54, корп. 3Г;Санкт-Петербург
Лапарет;Пулковское ш., 19;Санкт-Петербург
Nt Ceramic Pro;ул. Полярников, 6;Санкт-Петербург
Плиткамания;Кушелевская дорога, 16Б;Санкт-Петербург
Sal Sapiente;Красногвардейская площадь, 3Е;Санкт-Петербург
Хамелеон;ул. Фучика, 9;Санкт-Петербург
Проинтерио;Мытнинская ул., 15;Санкт-Петербург
Credotile;Выборгское ш., 369, корп. 6;Санкт-Петербург
Atlas Concorde;Красногвардейская площадь, 3Е, Санкт-Петербург;Санкт-Петербург
Studia 96;Плесецкая ул., 21;Санкт-Петербург
Phomi;ул. Седова, 11;Санкт-Петербург
VIP Керамика;Кавалергардская ул., 12Б;Санкт-Петербург
Хомтайл;Лифляндская ул., 3В;Санкт-Петербург
Лемана Про;просп. Испытателей, 5, корп. 2;Санкт-Петербург
Дом Лента;просп. Космонавтов, 14;Санкт-Петербург
Набель;Лапинский просп., 15;Санкт-Петербург
Grestyle;ул. Глинки, 1;Санкт-Петербург
Хром;Учительская ул., 18, корп. 1;Санкт-Петербург
Актив Строй;Шоссейная ул., 15, Бугры;Санкт-Петербург
Elementile;Заречная ул., 15, корп. 1;Санкт-Петербург
Афоня;Гражданский просп., 15, корп. 1;Санкт-Петербург
Линкер;просп. Энергетиков, 19;Санкт-Петербург
Italon;ул. Фучика, 9;Санкт-Петербург
Сфера Керамики;Дальневосточный просп., 14;Санкт-Петербург
AgeArt;Уральская ул., 10, корп. 2;Санкт-Петербург
Мегаполис;просп. Просвещения, 43;Санкт-Петербург
Корсант;Киевская ул., 5АЗ;Санкт-Петербург
Резка;Удельный просп., 28;Санкт-Петербург
Арткера;ул. Фучика, 9;Санкт-Петербург
Neodom;Варшавская ул., 3, корп. 1;Санкт-Петербург
Керамин-Нева;Санкт-Петербург, Колпинский район, посёлок Сапёрный, территория предприятия Балтика;Санкт-Петербург
Iloveceramica;Полюстровский просп., 59;Санкт-Петербург
Crane. Design;Большой Сампсониевский просп., 70;Санкт-Петербург
Neodom;Заневский просп., 28;Санкт-Петербург
Керомаг;Домостроительная ул., 3Д;Санкт-Петербург
Плитбург;Заводская ул., 37, городской посёлок Янино-1;Санкт-Петербург
Квадро-М;Менделеевская ул., 9;Санкт-Петербург
Laparet;ул. Типанова, 21;Санкт-Петербург
Керлит-СПБ;Хрустальная ул., 11Х;Санкт-Петербург
Керамика -Сервис;5-я линия Васильевского острова, 34;Санкт-Петербург
Ламакерама;ул. Моисеенко, 41Б;Санкт-Петербург
Линкер;Заводская ул., 37, городской посёлок Янино-1;Санкт-Петербург
Лемана Про;3-й Верхний пер., 11;Санкт-Петербург
СтройМастер;наб. реки Мойки, 81;Санкт-Петербург
Гибкая Керамика;Вербная ул., 4;Санкт-Петербург
Афоня;Богатырский просп., 47, корп. 2;Санкт-Петербург
Стройторг;ул. Достоевского, 20-22;Санкт-Петербург
Атлас плитки;Лиговский просп., 200;Санкт-Петербург
Gravita;ул. Фучика, 9;Санкт-Петербург
Лапарет;Планерная ул., 59;Санкт-Петербург
Neodom;Железноводская ул., 3;Санкт-Петербург
Плитика Санкт-Петербург;просп. Обуховской Обороны, 119, корп. 3;Санкт-Петербург
Гм Керамика;просп. Культуры, 41;Санкт-Петербург
Neodom;ул. Типанова, 21;Санкт-Петербург
Нарезка плитки;Санкт-Петербург, Красногвардейский район, муниципальный округ Пороховые;Санкт-Петербург
РунаСтройКерамика;ул. Фучика, 9;Санкт-Петербург
Мастер;ул. Фучика, 9;Санкт-Петербург
Лемана Про;ул. Партизана Германа, 2;Санкт-Петербург
Лемана Про;Парашютная ул., 60В;Санкт-Петербург
Лемана Про;просп. Культуры, 47;Санкт-Петербург
Сатурн Строймаркет;Касимовская ул., 3;Санкт-Петербург
Лемана Про;ул. Коллонтай, 3В;Санкт-Петербург
Керамир;ул. Фучика, 9;Санкт-Петербург
Современная мозаика;Студенческая ул., 10;Санкт-Петербург
Лемана Про;просп. Будённого, 31, корп. 2;Санкт-Петербург
Atlas concorde;Кантемировская ул., 2;Санкт-Петербург
Алокс;Коломяжский просп., 10АШ;Санкт-Петербург
Топ Грес;Кондратьевский просп., 15, корп. 5Б;Санкт-Петербург
Мастер Плиткин;Пискарёвский просп., 2, корп. 2;Санкт-Петербург
Дом Лента;Лахтинский просп., 85В;Санкт-Петербург
Goodbrand;Заневский просп., 28-30-32;Санкт-Петербург
Культо;Аптекарская наб., 20;Санкт-Петербург
Керам Маркет;Ленинградская область, Всеволожский район, Заневское городское поселение, территория Соржа-Старая производственно-складская зона, Индустриальная улица, 16;Санкт-Петербург
Сантехкерам;Поселковая ул., 12В;Санкт-Петербург
Материалы.ру;Гражданский просп., 119;Санкт-Петербург
Строй Мир;Богословская ул., 4, корп. 1;Санкт-Петербург
Декор Элит;Уральская ул., 10, корп. 1;Санкт-Петербург
Cersanit-spb.ru;просп. Энергетиков, 19;Санкт-Петербург
Neodom;Московский просп., 183-185Ак6;Санкт-Петербург
Евродуш;Полюстровский просп., 59Ф;Санкт-Петербург
Керамир Санкт-Петербург;Ленинградская область, Ломоносовский район, Виллозское городское поселение, территория Южная часть производственной зоны Горелово, Волхонское шоссе, 4, корп. 9;Санкт-Петербург
Гранит;наб. Обводного канала, 60;Санкт-Петербург
Центр строительной керамики;Московское ш., 7;Санкт-Петербург
Материк;ул. Калинина, 39В;Санкт-Петербург
Сатурн Строймаркет;Литовская ул., 15;Санкт-Петербург
Петрович;Планерная ул., 15В;Санкт-Петербург
Максидом;Уральская ул., 1Л;Санкт-Петербург
El Design Studio;Лиговский просп., 232;Санкт-Петербург
Лемана Про;Таллинское ш., 163;Санкт-Петербург
Кредсторе;Приморский просп., 43;Санкт-Петербург
Neodom;Финляндский просп., 4;Санкт-Петербург
Factura;Большая Подьяческая ул., 10;Санкт-Петербург
Новый дом;Уральская ул., 10, корп. 1;Санкт-Петербург
Простор;Железноводская ул., 3;Санкт-Петербург
Максидом;Московский просп., 131;Санкт-Петербург
Олимп и К;пер. Челиева, 7, корп. 2Б;Санкт-Петербург
Первая обслуживающая компания;Беговая ул., 1, корп. 1;Санкт-Петербург
Керамама. ру;просп. Авиаторов Балтики, 13, Мурино;Санкт-Петербург
Афоня;ул. Савушкина, 119, корп. 3;Санкт-Петербург
Cementina;Кожевенная линия, 34;Санкт-Петербург
Neolith;Красногвардейская площадь, 3Е;Санкт-Петербург
Сантехника-Онлайн;Заневский просп., 65;Санкт-Петербург
Богатый Русский;Железнодорожный просп., 45;Санкт-Петербург
Экономкин;просп. Александровской Фермы, 29Г33;Санкт-Петербург
Laparet;Ленинский просп., 140И;Санкт-Петербург
Дом Дизайна;Московское ш., 25А;Санкт-Петербург
Афоня;Дунайский просп., 27, корп. 1;Санкт-Петербург
Комфортто;Полозова ул., 14;Санкт-Петербург
ВОГ Нева;ул. Маршала Говорова, 49А;Санкт-Петербург
Кафельбург, склад;Хрустальная ул., 31А;Санкт-Петербург
Outlet Home;ул. Обручевых, 3;Санкт-Петербург
Paradyz;Октябрьская наб., 10, корп. 1;Санкт-Петербург
Афоня;Народная ул., 21;Санкт-Петербург
Поставкин;просп. Девятого Января, 3, корп. 1;Санкт-Петербург
Керамама.ру;просп. Строителей, 6, Кудрово;Санкт-Петербург
Идеальный фасад;ул. Савушкина, 119, корп. 3;Санкт-Петербург
Дом Лента;Пулковское ш., 21, корп. 1;Санкт-Петербург
Arch-skin;Магнитогорская ул., 30В;Санкт-Петербург
Твоя полка, магазин-барахолка;7-я линия Васильевского острова, 28;Санкт-Петербург
Петрович;Индустриальный просп., 73;Санкт-Петербург
Эксперт Керамика;Уткин просп., 15Е;Санкт-Петербург
Миллениум;Студенческая ул., 10;Санкт-Петербург
Чистый Рез;Парковая ул., 6Д;Санкт-Петербург
Аурум;Полевая Сабировская ул., 54;Санкт-Петербург
Art Centre;Красногвардейская площадь, 3Е, Санкт-Петербург;Санкт-Петербург
СТМ;ул. Трефолева, 1, лит.О;Санкт-Петербург
Архимед;ул. Коллонтай, 18;Санкт-Петербург
Краски групп;Ленинский просп., 140;Санкт-Петербург
Максидом;ул. Фаворского, 12;Санкт-Петербург
Петрович;Софийская ул., 59, корп. 2;Санкт-Петербург
КапРемонт.рф;ул. Рядового Леонида Иванова, 2Г, городской посёлок Кузьмоловский;Санкт-Петербург
Лемана Про;Московское ш., 14;Санкт-Петербург
Laparet;ул. Савушкина, 119, корп. 3;Санкт-Петербург
Люкс Лайн;Гапсальская ул., 5;Санкт-Петербург
Сатурн Строймаркет;Индустриальный просп., 71;Санкт-Петербург
Материк;Якорная ул., 16, корп. 2;Санкт-Петербург
Laparet;просп. Будённого, 27, корп. 1;Санкт-Петербург
Santeam;Железноводская ул., 32;Санкт-Петербург
Терракот;Северный просп., 14, корп. 1;Санкт-Петербург
Сквирел;Полевая Сабировская ул., 54;Санкт-Петербург
Лаганаки Мрамор;ул. Розенштейна, 34;Санкт-Петербург
Фортуна керамика;просп. Маршала Блюхера, 78Д;Санкт-Петербург
Максидом;Богатырский просп., 15;Санкт-Петербург
I-stones;Зеленков пер., 2/4;Санкт-Петербург
Living ceramics;ул. Фучика, 9;Санкт-Петербург
П/с/р рез керамики;Заусадебная ул., 31И;Санкт-Петербург
Дом паркета;Дальневосточный просп., 14;Санкт-Петербург
Дом паркета;Уральская ул., 10, корп. 2;Санкт-Петербург
БонусКерамика;Домостроительная ул., 1;Санкт-Петербург
Neodom;Полевая Сабировская ул., 54;Санкт-Петербург
Азарио;ул. Фучика, 9;Санкт-Петербург
Топ-Пол;просп. Просвещения, 19;Санкт-Петербург
Максидом;ул. Передовиков, 18, корп. 2;Санкт-Петербург
Лемана Про;Выборгское ш., 214, корп. 2;Санкт-Петербург
Цитадель Паркет;Железноводская ул., 32;Санкт-Петербург
Шпиндельлаб;Большой Смоленский просп., 11Д;Санкт-Петербург
КераНика;Сабировская ул., 37Б;Санкт-Петербург
Progres;Цветочная ул., 16;Санкт-Петербург
Полотека;ул. Фучика, 9;Санкт-Петербург
Афоня;просп. Просвещения, 46, корп. 1;Санкт-Петербург
Дом паркета;Полевая Сабировская ул., 54;Санкт-Петербург
Петрович;Таллинское ш., 155, корп. 1;Санкт-Петербург
Петрович;просп. Энгельса, 157;Санкт-Петербург
Арт рум;Красногвардейская площадь, 3Е;Санкт-Петербург
Материк;наб. реки Смоленки, 31;Санкт-Петербург
Oldbrick;ул. Фучика, 9;Санкт-Петербург
Студия архитектурной керамики Юрия Осинина;Лифляндская ул., 3;Санкт-Петербург
Клинкер Пром;ул. Михаила Дудина, 11;Санкт-Петербург
Топ-Пол;Бухарестская ул., 89;Санкт-Петербург
Веста Керамика;Ленинградская область, Всеволожский район, Заневское городское поселение, городской посёлок Янино-1;Санкт-Петербург
Максидом;Дальневосточный просп., 16, корп. 2;Санкт-Петербург
Максидом;Ленинский просп., 101Ж;Санкт-Петербург
Эксима;Волго-Донской просп., 4Е;Санкт-Петербург
Перспектива;Якорная ул., 9А;Санкт-Петербург
Karmica;24-я линия Васильевского острова, 3-7литО;Санкт-Петербург
CeramicGroup;ул. Химиков, 28АС;Санкт-Петербург
LeeDo;Полевая Сабировская ул., 54;Санкт-Петербург
Дом Паркета;ул. Шостаковича, 8, корп. 1;Санкт-Петербург
Керамос, склад;Лесная ул., 1Б, Мурино;Санкт-Петербург
Максидом;ул. Тельмана, 31;Санкт-Петербург
BiberTools;Кондратьевский просп., 15, корп. 3;Санкт-Петербург
Максидом;Дунайский просп., 64;Санкт-Петербург
Сантехника-Онлайн;просп. Энгельса, 124, корп. 1;Санкт-Петербург
Топ Грес;Северный пр., 8И;Санкт-Петербург
Максидом;Пулковское ш., 17, корп. 1;Санкт-Петербург
Pletora.ru;ул. Меркурьева, 7;Санкт-Петербург
Максидом;просп. Энгельса, 154;Санкт-Петербург
Posh Interiors;ул. Фучика, 9;Санкт-Петербург
Lab Arte;Уральская ул., 10, корп. 2;Санкт-Петербург
СервисКерамика;Полевая Сабировская ул., 54;Санкт-Петербург
Новополспб;Лиговский просп., 200;Санкт-Петербург
Сквирел, склад;Лесная ул., 1Б, Мурино;Санкт-Петербург
Pukkila;2-я линия Васильевского острова, 27;Санкт-Петербург
Сатурн Строймаркет;Краснопутиловская ул., 31;Санкт-Петербург
Интерьерная керамика Марии Удальёвой;Курляндская ул., 49;Санкт-Петербург
Комфорт;Загородная ул., 6;Санкт-Петербург
Ламгран;Кокколевская ул., 7, корп. 3, территория Пулковское;Санкт-Петербург
Оникс;Новороссийская ул., 53А;Санкт-Петербург
Real Brick;Тосина ул., 6;Санкт-Петербург
Альма Керамика;Заводская ул., 37, городской посёлок Янино-1;Санкт-Петербург
Бастион;Софийская ул., 14;Санкт-Петербург
Партнерторг;Якорная ул., 17Ш;Санкт-Петербург
Карлен Керамикс Мега Парнас;КАД, 117-й километр, внешнее кольцо, 1, д. Порошкино;Санкт-Петербург
Печеняк Керамикс;Алексеевский просп., 62, Всеволожск;Санкт-Петербург
Keramaworld;Санкт-Петербург, Выборгский район, муниципальный округ № 15;Санкт-Петербург
Dosgres;Рабочая ул., 16АБ, исторический район Старо-Паново, Красносельский район;Санкт-Петербург
Плитка;Гражданский просп., 15, корп. 1;Санкт-Петербург
Сантехника-Онлайн;Кубинская ул., 75, корп. 2;Санкт-Петербург
КераМир;Ленинградская область, Ломоносовский район, Виллозское городское поселение, территория Южная часть производственной зоны Горелово, Волхонское шоссе, 4;Санкт-Петербург
Керамика 78;Якорная ул., 1;Санкт-Петербург
Home people club;Тележная ул., 8-10;Санкт-Петербург
Хозмаркет;ул. Куйбышева, 30;Санкт-Петербург
Сатурн Строймаркет;Лахтинский просп., 139;Санкт-Петербург
Европласт;Дальневосточный просп., 14;Санкт-Петербург
Alpine Store;Уральская ул., 10, корп. 2;Санкт-Петербург
Петрович;Московское ш., 304;Санкт-Петербург
Кубатура;ул. Фучика, 9;Санкт-Петербург
Легион Комплект;Афанасьевская ул., 1;Санкт-Петербург
Первая керамическая компания;ул. Салова, 27АД;Санкт-Петербург
Интерио;Полевая Сабировская ул., 54;Санкт-Петербург
Cersanit;Ленинградская область, Всеволожский район, Заневское городское поселение, городской посёлок Янино-1;Санкт-Петербург
Декорамика;ул. Ольги Берггольц, 4Б;Санкт-Петербург
Центр Керамики;наб. реки Екатерингофки, 19;Санкт-Петербург
СтройДвор;Московское ш., 7;Санкт-Петербург
Вармора;Ленинградская область, Всеволожский район, Свердловское городское поселение, Промышленный район Центральное отделение, 22Б;Санкт-Петербург
Дом Лента;Ленинградская область, Всеволожский район, Заневское городское поселение, Мурманское шоссе, 12-й километр, с1;Санкт-Петербург
Строй Дом;Ленинский просп., 140И;Санкт-Петербург
РунаСтройКерамика;Ленинградская область, Всеволожский район, Заневское городское поселение, территория Соржа-Старая производственно-складская зона;Санкт-Петербург
Азори;Ленинградская область, Ломоносовский район, Виллозское городское поселение, Южная часть промзоны Горелово, Волхонское шоссе, 4, корп. 6;Санкт-Петербург
OBI для бизнеса;просп. Космонавтов, 14;Санкт-Петербург
Dscont Ceram;Выборгское ш., 369, корп. 3;Санкт-Петербург
Максидом;Выборгское ш., 503, корп. 2, лит.А;Санкт-Петербург
Снабгеосинт;Софийская ул., 6;Санкт-Петербург
Декоративный кафель;Рабочая ул., 4, исторический район Старо-Паново, Красносельский район;Санкт-Петербург
Шурик;Ленинградская область, Всеволожский район, Бугровское городское поселение, КАД, 25-й километр, внутреннее кольцо, 8, корп. 1;Санкт-Петербург
Laparet;ул. Рядового Леонида Иванова, 2Г, городской посёлок Кузьмоловский;Санкт-Петербург
Keromag;Полевая Сабировская ул., 54;Санкт-Петербург
Клинкер;Санкт-Петербург, микрорайон Балтийская Жемчужина, ЖК Жемчужная Симфония;Санкт-Петербург
Керамарк;Заводская ул., 37/1, городской посёлок Янино-1;Санкт-Петербург
Верный Выбор;ул. Седова, 49;Санкт-Петербург
Афоня, склад;Ленинградская область, Всеволожский район, Бугровское сельское поселение, КАД, 23-й километр, внутреннее кольцо, стр. 3;Санкт-Петербург
Керамическая плитка;просп. Обуховской Обороны, 89Б;Санкт-Петербург
Дом Лента;Московское ш., 16;Санкт-Петербург
Дом Лента;КАД, 117-й километр, внешнее кольцо, 1, д. Порошкино;Санкт-Петербург
ТД Березакерамика;Якорная ул., 9А;Санкт-Петербург
НептуН;Полевая Сабировская ул., 54;Санкт-Петербург
Тележка;ш. Дорога Жизни, 9А, Всеволожск;Санкт-Петербург
Петрович;Богородская ул., 3, д. Порошкино;Санкт-Петербург
Петрович;Ленинградская область, Всеволожский район, Свердловское городское поселение, 12-13 километр шоссе Кола, 3;Санкт-Петербург
Артелия;просп. Строителей, 3, Кудрово;Санкт-Петербург
Высота;Ленинградская область, Всеволожский район, Заневское городское поселение, Кудрово;Санкт-Петербург
Лайвкерамика;ул. Первого Мая, 33;Санкт-Петербург
Стройбаза Волхонка;Ленинградская область, Ломоносовский район, Виллозское городское поселение, Южная часть промзоны Горелово, Волхонское шоссе, 6/2;Санкт-Петербург
Экспертная комплектация;просп. Пятилеток, 15, корп. 8;Санкт-Петербург
Стройбаза; Ленинградская область, Ломоносовский район, Низинское сельское поселение, 1;Санкт-Петербург
Гранитериум;Ленинградская область, Всеволожский район, городской посёлок Янино-1;Санкт-Петербург
Лемана Про;Северо-Восточное ш., 17, Саранск;Саранск
Декор студия;Севастопольская ул., 3, стр. 1, Саранск;Саранск
ЭраКерамика;Рабочая ул., 185В, Саранск;Саранск
Стильный пол;ул. Полежаева, 24А, Саранск;Саранск
СтройДом;Александровское ш., 8А, Саранск;Саранск
Max Home;Севастопольская ул., 21, Саранск;Саранск
Минпол;Энергетическая ул., 49, Саранск;Саранск
ДарПол;Александровское ш., 8/3, Саранск;Саранск
Хозяин;Александровское ш., 8А, Саранск;Саранск
Эстетика;Александровское ш., 8, Саранск;Саранск
Laparet;ул. имени Н.Г. Чернышевского, 88, Саратов;Саратов
Лапарет;ул. имени Ф.А. Блинова, 35, Саратов;Саратов
Плитка центр;ул. имени Н.Г. Чернышевского, 94, Саратов;Саратов
Керамик Сити;Усть-Курдюмская ул., 41, стр. 2, Саратов;Саратов
Дисконт-центр;Ртищевская ул., 7, Саратов;Саратов
Хозяин;ул. Танкистов, 5/7А, Саратов;Саратов
Ветеран;2-й Станционный пр., 6Б, Саратов;Саратов
Лемана Про;Усть-Курдюмская ул., 50, Саратов;Саратов
Kerama Marazzi;ул. имени Ф.А. Блинова, 35, Саратов;Саратов
Дом Лента;площадь имени Г.К. Орджоникидзе, 1, Саратов;Саратов
Viva Decor;Большая Горная ул., 336, Саратов;Саратов
Kerama Marazzi;ул. имени Н.Г. Чернышевского, 88, Саратов;Саратов
Колорит;ул. имени И.В. Мичурина, 159, Саратов;Саратов
БонТон Керамика;ул. имени Н.Г. Чернышевского, 126, Саратов;Саратов
Мир плитки;ул. имени Н.Г. Чернышевского, 88, Саратов;Саратов
ЦСК;ул. имени В.С. Зарубина, 150А, Саратов;Саратов
Метр квадратный;Крымская ул., 23, Саратов;Саратов
Торговый комплекс Ассорти;ул. Танкистов, 37, Саратов;Саратов
Стройландия;Верхняя ул., 17, Саратов;Саратов
Дизайн-Успех;ул. имени Н.Г. Чернышевского, 88, Саратов;Саратов
Керамическая плитка;просп. Энтузиастов, 11, Саратов;Саратов
Домикс;ул. Танкистов, 37/1, Саратов;Саратов
Ветеран;Степная ул., 55, Энгельс;Саратов
Плитка.ру;Студенческая ул., 68К, Энгельс;Саратов
Kerama Marazzi;Степная ул., 57, Энгельс;Саратов
Laparet;Степная ул., 57, Энгельс;Саратов
Астера;просп. Строителей, 45А, Саратов;Саратов
Салон Колорит;ул. Аэропорт, 25, стр. 1, Саратов;Саратов
Строй-С;Усть-Курдюмская ул., 1Ф, Саратов;Саратов
Neodom;ул. имени Н.Г. Чернышевского, 126, Саратов;Саратов
Стройдвор;ул. Маяковского, 157, Энгельс;Саратов
Декоратор;ул. имени В.Г. Рахова, 162/164, Саратов;Саратов
Сантехника-Онлайн;Верхняя ул., 17Д, Саратов;Саратов
Стройландия;Вольский тракт, 2, Саратов;Саратов
Плитка House;ул. Калинина, 5А, Энгельс;Саратов
КерамаХолл;муниципальное образование Саратов, Усть-Курдюмское шоссе, 4-й километр, 47, стр. 1;Саратов
Стройландия;просп. Химиков, 1, стр. 5, Энгельс;Саратов
Materia interiors;Вольский пер., 15, корп. 2, Саратов;Саратов
Тесар Керамика;площадь Ленина, 24, Энгельс;Саратов
КерамаХолл;Большая Горная ул., 336, Саратов;Саратов
Swiss Lake;Большая Горная ул., 336, Саратов;Саратов
Саратовстройкомплект;Аткарская ул., 66, корп. 1, Саратов;Саратов
Плитка керамогранит;ул. Маяковского, 182, Энгельс;Саратов
Стройматериалы;ул. Нестерова, 77, Энгельс;Саратов
Главхозторг;Придорожная ул., 10/1, посёлок Пробуждение;Саратов
Строительный склад-магазин;Песчано-Умётская ул., 10, корп. 1, Саратов;Саратов
Дом отделочных материалов;Саратовская ул., 27, Энгельс;Саратов
Дом и сад;Гвардейская ул., 29Б, Саратов;Саратов
Плитка;Студенческая ул., 205, корп. 5, Энгельс;Саратов
Axima;просп. Химиков, 1, стр. 29, Энгельс;Саратов
Ти Косс;ул. Гагарина, 80, рабочий посёлок Приволжский;Саратов
Дверной салон;ул. Тельмана, 26, Энгельс;Саратов
Керамикс;Промышленная ул., 13/7, Солнечногорск;Солнечногорск
Мир ламината и плитки. Обои. Сайдинг;Красная ул., вл1, Солнечногорск;Солнечногорск
Боно-Строй;Железнодорожная ул., 16, Солнечногорск;Солнечногорск
Цмис;Обуховская ул., 56, Солнечногорск;Солнечногорск
Уют;Рабочая ул., 8, Солнечногорск;Солнечногорск
Керамикс_store;Обуховская ул., 17В, Солнечногорск;Солнечногорск
ХозСтройМаркет;Красная ул., вл1, Солнечногорск;Солнечногорск
Плитка;Красная ул., 154, Солнечногорск;Солнечногорск
Kdv;Красная ул., 154, Солнечногорск;Солнечногорск
Шахтинская плитка;Старый Оскол, микрорайон Северный, 7А;Старый Оскол
Керамическая плитка;Старый Оскол, микрорайон Конева, 18А;Старый Оскол
Мир плитки и ламината;Старый Оскол, микрорайон Рождественский, 6;Старый Оскол
Галерея напольных покрытий;Старый Оскол, микрорайон Северный, 7;Старый Оскол
Мир Керамики;Николаевская ул., 4, Старый Оскол;Старый Оскол
Keramix;ул. Мичурина, 1Б, Старый Оскол;Старый Оскол
Kerama Marazzi;Старый Оскол, микрорайон Надежда, 10;Старый Оскол
Стройландия;ул. Прядченко, 114, Старый Оскол;Старый Оскол
Уютный Терем;Старый Оскол, микрорайон Майский, 4;Старый Оскол
Sunrise;Старый Оскол, микрорайон Дубрава, квартал 1, 54;Старый Оскол
Стройландия;Старый Оскол, микрорайон Дубрава, квартал 1, 21;Старый Оскол
Ясмская;ул. Ватутина, 205, Старый Оскол;Старый Оскол
Обойный Дом;Старый Оскол, микрорайон Надежда, 4А;Старый Оскол
Торговый дом Керамика;Рабочая ул., 97, Сызрань;Сызрань
Красивая плитка;ул. Фридриха Энгельса, 48, Сызрань;Сызрань
Стройландия;Нефтяная ул., 2Г, Сызрань;Сызрань
ДарПол;Московская ул., 4, Сызрань;Сызрань
Тротуарная плитка;Самарская область, Сызрань, район ЗТМ;Сызрань
Kerama Marazzi;ул. Карла Маркса, 101, Тамбов;Тамбов
Центр керамической плитки;Пятницкая ул., 18, Тамбов;Тамбов
Мир керамики;Урожайная ул., 2Е, Тамбов;Тамбов
Керамическая плитка;ул. Чичерина, 13А, Тамбов;Тамбов
Плитка Хаус;ул. Карла Маркса, 348, Тамбов;Тамбов
КемиСтрой;Кавказская ул., 1А, Тамбов;Тамбов
Империя плитки;ул. Агапкина, 23, Тамбов;Тамбов
Artera;Урожайная ул., 2Н, Тамбов;Тамбов
Аура;бул. Энтузиастов, 1Г/2, Тамбов;Тамбов
Бонус;Бастионная ул., 1В, стр. 1, Тамбов;Тамбов
Zest;ул. Сергеева-Ценского, 12, корп. 2, Тамбов;Тамбов
Центр Керамической Плитки;Бригадная ул., 3, стр. 1, Тамбов;Тамбов
Ламинатика;бул. Энтузиастов, 1М, Тамбов;Тамбов
Laparet;ул. Студенецкая Набережная, 20В, Тамбов;Тамбов
CeramicGroup;Советская ул., 191, Тамбов;Тамбов
Плитка;Советская ул., 191, Тамбов;Тамбов
Laparet;Бастионная ул., 1В, Тамбов;Тамбов
Отделка;Московская ул., 10Е, Тамбов;Тамбов
Студия Керамики;Советская ул., 119, Тамбов;Тамбов
Отделка;Магистральная ул., 84, Тамбов;Тамбов
Global Ceramica;Авиационная ул., 150Ж, Тамбов;Тамбов
Склад плитки;бул. Строителей, 2, Тамбов;Тамбов
Обойный Дом;бул. Энтузиастов, 1М, Тамбов;Тамбов
Золотое Сечение;Советская ул., 107Г, Тамбов;Тамбов
Парад цвета;ул. Агапкина, 13, Тамбов;Тамбов
Лемана Про;Октябрьский просп., 105, Тверь;Тверь
Алмалы Керамик;ул. Коминтерна, 44, Тверь;Тверь
Строй-класс;Беляковский пер., 36, Тверь;Тверь
Аквариус;ул. Склизкова, 36, Тверь;Тверь
Kerama Marazzi;ул. Андрея Дементьева, 3, Тверь;Тверь
Керамсток;Индустриальная ул., 11, корп. 1, Тверь;Тверь
Галерея Плитки;Симеоновская ул., 5, Тверь;Тверь
Мосплитка;Октябрьский просп., 70, Тверь;Тверь
Галерея Плитки;ул. Вагжанова, 21, Тверь;Тверь
Пелетон;ул. Марины Расковой, 14/1, Тверь;Тверь
АртДеко;Октябрьский просп., 70, Тверь;Тверь
Плитка & Паркет;ул. Брагина, 6А, Тверь;Тверь
Италон;ул. Благоева, 21, Тверь;Тверь
Керам и Ко;ул. Спартака, 48, Тверь;Тверь
Laparet;Сиреневая ул., 3, д. Брусилово;Тверь
Мастерская интерьера;Затверецкая наб., 36, корп. 1, Тверь;Тверь
Керамика;просп. Николая Корыткова, 17, Тверь;Тверь
Днк-лаборатория интерьера;Октябрьский просп., 70, Тверь;Тверь
Materium;Октябрьский просп., 70, Тверь;Тверь
Петрович;Октябрьский просп., 113, Тверь;Тверь
Клинкер. 69;Октябрьский просп., 70, Тверь;Тверь
Тиги;ул. Лукина, 19, Тверь;Тверь
Немецкая сантехника;Московское ш., 35, Тверь;Тверь
Арт Деко;д. Кривцово, 84А;Тверь
Керамическая плитка;Дружинная ул., 12, Тверь;Тверь
Stone step;ул. Спартака, 19, Тверь;Тверь
Neodom;ул. Вагжанова, 21, Тверь;Тверь
Декор Престиж;Октябрьский просп., 70, Тверь;Тверь
Тандем;Октябрьский просп., 70, Тверь;Тверь
Сантехника-Онлайн;Индустриальная ул., 11, корп. 1, Тверь;Тверь
Домикс;Октябрьский просп., 70, Тверь;Тверь
ТО, что надо!;ул. Брагина, 6А, Тверь;Тверь
Форум инжиниринг;ул. Бебеля, 3, Тверь;Тверь
Лемана Про;Южное ш., 6А, Тольятти;Тольятти
Русский кафель;ул. Ларина, 149В, Тольятти;Тольятти
Kerama Marazzi;ул. Маршала Жукова, 8, Тольятти;Тольятти
Керамир;Базовая ул., 24, стр. 1, Тольятти;Тольятти
Мир Плитки;Московский просп., 8/14, Тольятти;Тольятти
Центр керамики;Московский просп., 8Б, Тольятти;Тольятти
Плитка. expert;Приморский бул., 54А, Тольятти;Тольятти
Плитка Холл;Юбилейная ул., 40, Тольятти;Тольятти
Керама маркет;Московский просп., 7, Тольятти;Тольятти
Stonehill;ул. Мира, 133А, Тольятти;Тольятти
Дом Плитки;Приморский бул., 72/1, Тольятти;Тольятти
Золотой ключ;ул. Громовой, 28, Тольятти;Тольятти
Планета Плитка;Тополиная ул., 4А, Тольятти;Тольятти
Perfect ceramic;ул. Мира, 56, стр. 2, Тольятти;Тольятти
МегаСтрой;ул. Громовой, 33/2, Тольятти;Тольятти
Плитка Дизайн;Коммунальная ул., 32, Тольятти;Тольятти
Саго Керамика;Юбилейная ул., 37А, Тольятти;Тольятти
Цунами;ул. Свердлова, 37А, Тольятти;Тольятти
Боттичино;Юбилейная ул., 1А, Тольятти;Тольятти
Дисконт Керама Маркет;просп. Степана Разина, 97Б, Тольятти;Тольятти
Laparet;Московский просп., 8Б, Тольятти;Тольятти
Итальянская плитка;Коммунальная ул., 30, Тольятти;Тольятти
Гамма Дизайн;ул. Маршала Жукова, 2, Тольятти;Тольятти
Надежда;Воскресенская ул., 19А, Тольятти;Тольятти
Комцумир;Коммунальная ул., 32, Тольятти;Тольятти
Центр керамики;просп. Степана Разина, 97, Тольятти;Тольятти
Бригадир;Коммунальная ул., 10, Тольятти;Тольятти
Laparet;Коммунальная ул., 36, Тольятти;Тольятти
Neodom;Коммунальная ул., 32, Тольятти;Тольятти
Цунами;Коммунальная ул., 32, Тольятти;Тольятти
Планета плитка;Коммунальная ул., 32, Тольятти;Тольятти
Дом Кафеля;Коммунальная ул., 32, Тольятти;Тольятти
ArtDi. go;Коммунальная ул., 32, Тольятти;Тольятти
Exclusive Studio;Юбилейная ул., 5А, Тольятти;Тольятти
Муравейник;просп. Степана Разина, 97, Тольятти;Тольятти
Ваш дом;бул. Кулибина, 6А, 2-й квартал, Тольятти;Тольятти
Плитка;Дачная ул., 101, село Подстепки;Тольятти
Плитка от производителя;Малиновая ул., 2А, село Подстепки;Тольятти
Kerama Marazzi;ул. Гончарова, 1/17, Ульяновск;Ульяновск
Плитка;Тенистая ул., 2, Ульяновск;Ульяновск
Лемана Про;Олимпийский просп., 10, Ульяновск;Ульяновск
Палермо;ул. Деева, 24, Ульяновск;Ульяновск
Гранит керамика;просп. Ленинского Комсомола, 27А, Ульяновск;Ульяновск
Гранит керамика;ул. Шолмова, 20, Ульяновск;Ульяновск
Геометрия;просп. Авиастроителей, 22, корп. 1, Ульяновск;Ульяновск
Плитка;ул. Марата, 8, корп. 1, Ульяновск;Ульяновск
Italon;ул. Радищева, 59, Ульяновск;Ульяновск
Плитка и керамогранит;ул. Деева, 24, Ульяновск;Ульяновск
Красивый Дом;ул. Федерации, 91, Ульяновск;Ульяновск
АкваПрофф;ул. Марата, 8, корп. 1, Ульяновск;Ульяновск
Стройка;ул. Шолмова, 20, Ульяновск;Ульяновск
Интерьер-М;ул. Андрея Блаженного, 58, Ульяновск;Ульяновск
Про Ремонт;2-й пер. Кирова, 1, Ульяновск;Ульяновск
Сарай;ул. Пушкарёва, 11, Ульяновск;Ульяновск
Олимпия;просп. Генерала Тюленева, 4Б, Ульяновск;Ульяновск
Laparet;Тенистая ул., 2, Ульяновск;Ульяновск
Сарай;просп. Авиастроителей, 20/35, Ульяновск;Ульяновск
Локомотив;Локомотивная ул., 4А, Ульяновск;Ульяновск
Стройград;ул. Марата, 8, корп. 1, Ульяновск;Ульяновск
Керамическая плитка;Западный бул., 32, Ульяновск;Ульяновск
Тантал;Пригородная ул., 34А, село Луговое;Ульяновск
Магазин сантехники;Локомотивная ул., 4А, Ульяновск;Ульяновск
Neodom;ул. Рылеева, 21А, Ульяновск;Ульяновск
Laparet;Ульяновский просп., 19, Ульяновск;Ульяновск
1000 Кирпичей;Пушкинская ул., 15А, Ульяновск;Ульяновск
Керамит и плитка;ул. Марата, 8, корп. 1, Ульяновск;Ульяновск
Теплая керамика;ул. Марата, 8, корп. 2, Ульяновск;Ульяновск
Кирпич_173;Мелекесская ул., 4Б, Ульяновск;Ульяновск
Хоум;просп. Созидателей, 114/2, Ульяновск;Ульяновск
СтройГрад;ул. Шолмова, 20, Ульяновск;Ульяновск
DomDeco;ул. Рылеева, 9, Ульяновск;Ульяновск
M&g;Московское ш., 68А, Ульяновск;Ульяновск
Мир Керамики;ул. Сырыма Датова, 37, Уральск;Уральск
Kerama Marazzi;ул. Гагарина, 2/9, Уральск;Уральск
Bon. Ton ceramica;ул. Орманшы, 1/1, Уральск;Уральск
Master;просп. Абая, 246/1, Уральск;Уральск
Kerasol;ул. Шолохова, 13Д, Уральск;Уральск
Erzhan;ул. Тараса Шевченко, 56, Уральск;Уральск
Керамир;просп. Абая, 246/11, Уральск;Уральск
Eurasia Ceramics;ул. Айтиева, 3, Уральск;Уральск
Aura by My Home;Уральск, микрорайон Женис, 29;Уральск
Eurasia Ceramics;улица Шолохова, 13, Уральск, Западно-Казахстанская область;Уральск
Мега Строй;ул. Сундуткали Ескалиева, 305, Уральск;Уральск
Керамическая плитка;ул. Айтиева, 2, Уральск;Уральск
Eurasia Ceramics;просп. Абая, 246/11, Уральск;Уральск
Кирпич эксклюзив ;ул. Шолохова, 11/5, Уральск;Уральск
ДляСвоих;ул. Тараса Шевченко, 56, Уральск;Уральск
Myhome;ул. Шолохова, 22/2, Уральск;Уральск
ЭлектроКомплект;Придорожная ул., 65/3, село Мичуринское;Уральск
Твой Дом;ул. Сырыма Датова, 28/2, Уральск;Уральск
Промкамень;Московская область, городской округ Химки, территория Промышленная зона, 21П;Химки
МаксалСтрой;ул. Карьер, с8, д. Чёрная Грязь;Химки
Laparet;ул. Бутаково, 4, Химки;Химки
Фристайл;ул. Германа Титова, 2, корп. 1, Химки;Химки
Много плитки;ул. Бутаково, 4, Химки;Химки
Строй Гранд;ул. Бутаково, 4, Химки;Химки
Плитка Рядом;Центральная ул., 2/5с1, микрорайон Подрезково, Химки;Химки
Porto;ул. Пожарского, 27, стр. 2, Химки;Химки
Урбанист;ул. Бутаково, 4, Химки;Химки
Лемана Про;ул. 9 Мая, вл20с1, Химки;Химки
Плитка-тут.рф;ул. 9 Мая, 12Д, стр. 2, Химки;Химки
Арт Реал;Машкинское ш., с1, Химки;Химки
Керамика;Центральная ул., 2/5, микрорайон Подрезково, Химки;Химки
Neodom;ул. Бутаково, 4, Химки;Химки
БестПлитка;ул. Репина, 2/27, Химки;Химки
Tubadzin;ул. Бутаково, 4, Химки;Химки
Credit Ceramica;Вашутинское ш., вл36, Химки;Химки
Арт Реал;Центральная ул., 2/5с3, микрорайон Подрезково, Химки;Химки
Италон;ул. Бутаково, 4, Химки;Химки
Keramstore;ул. Бутаково, 4, Химки;Химки
Сантехника-Онлайн;Машкинское ш., с2, Химки;Химки
Грани;ул. Бутаково, 4, Химки;Химки
Kerama Marazzi;Ленинградское ш., 112/1с3, Москва;Химки
Арткерамос;Нагорное ш., 2к9/1, Химки;Химки
Макслевел;ул. Бутаково, 4, Химки;Химки
Керамика-Плитка;Ленинградское ш., 376А, Москва;Химки
Керамо Решения;Нагорное ш., 2к9/1, Химки;Химки
Termokit;Дмитровское ш., 118, корп. 1, Москва;Химки
Дисконт-центр Керамогранита;Ленинградское шоссе, 29-й километр, вл1, Химки;Химки
Плитка От Ямщика;Московская область, городской округ Химки, деревня Чёрная Грязь;Химки
ВсяПлитка. ру;рабочий посёлок Ржавки, 2-й микрорайон, 56-1;Химки
Просто Керамика;д. Юрлово, 2;Химки
Плитка;Машкинское ш., с2, Химки;Химки
Фирменный магазин Sal Sapiente;Вашутинское ш., 23, Химки;Химки
ПрофКлинкер;Спартаковская ул., 5/7, Химки;Химки
Лига керамики;Вашутинское ш., 18А, Химки;Химки
ArtDecorium;ул. Бутаково, 4, Химки;Химки
A-Stile;ул. Бутаково, 4, Химки;Химки
Плитка;ул. Карьер, с8, д. Чёрная Грязь;Химки
КерамикаЗел;Зеленоград, к1106Е;Химки
АртГидрос;Нагорное ш., 2, корп. 9, Химки;Химки
Лакшери-плитка;Дмитровское ш., 108Б, стр. 1, Москва;Химки
СтройТехнологии, склад;Вашутинское ш., вл36, Химки;Химки
Салон плитки;Зеленоград, к514с2;Химки
Плитка Подмосковья;Лихачёвское ш., 1, корп. 4, Долгопрудный;Химки
ГК Керамогранит;Центральная ул., 2/5с1, микрорайон Подрезково, Химки;Химки
Ceramica De Luxe;Дмитровское ш., 165, корп. 1;Химки
СтароШоп;Заводская ул., 2, Химки;Химки
Кератайл;ул. Карьер, с8, д. Чёрная Грязь;Химки
Керамическая плитка;Проектируемый пр. № 727, 24, стр. 4;Химки
Лидер Керамика;Химки, микрорайон Сходня, квартал Усково, вл1023;Химки
Топ Флорс;Ленинградское ш., 58, стр. 7;Химки
Экспериментальный керамический завод;Центральная ул., 2/5, микрорайон Подрезково, Химки;Химки
Визави Керамика;Ленинградское ш., 25;Химки
Отделкино City;МКАД, 71-й километр, с16А, п. г. т. Путилково;Химки
Ватра Керамика;Ленинградское ш., 25;Химки
Italon;Ленинградское ш., 25;Химки
Kerama Marazzi;Дмитровское ш., 149;Химки
Family Плитка;Дмитровское ш., 165, корп. 1;Химки
МаэстроГрупп;Центральная ул., 2/5с1, микрорайон Подрезково, Химки;Химки
Студия плитки;Зеленоград, к1824;Химки
Соло;ул. Бутаково, 4, Химки;Химки
Мосплитка;Ленинградское ш., 25;Химки
Керамический завод Сокол;Керамическая ул., 24, Дедовск;Химки
Tesser;Дмитровское ш., 108Б, стр. 1;Химки
Территория плитки;Волоколамское ш., 103;Химки
Лемана Про;Ленинградское шоссе, 37-й километр, вл1, п. г. т. Ржавки;Химки
КерамикМолл. ру;Спасская ул., 1А, Красногорск;Химки
Sal Sapiente;Ленинградское ш., 25;Химки
Мир плитки СерКо;Успенская ул., 32, Красногорск;Химки
Ceram-Style;ул. Горького, 5, микрорайон Сходня, Химки;Химки
Creto;Вашутинское ш., вл18А, Химки;Химки
Creto;Горетовская ул., 1Б, д. Голиково;Химки
Laparet;МКАД, 71-й километр, 16А, д. Путилково;Химки
Ватра Керамика;Московская область, городской округ Химки, деревня Перепечино;Химки
Керамогранит;Дмитровское ш., 124А;Химки
Laparet;Дмитровское ш., 108Б, стр. 1;Химки
Студия метлахской плитки;Московская область, городской округ Красногорск, Пятницкое шоссе, 6-й километр, 55А;Химки
Лемана Про;посёлок Вешки, торгово-промышленная зона Алтуфьево, с3Б;Химки
Орхидея керамика;Дмитровское ш., 161Б;Химки
Керамический Boom;Ленинградское ш., 25;Химки
Арткерамика М;Советская ул., 99, п. г. т. Нахабино;Химки
Салон плитки;Ново-Никольская ул., 122, стр. 1, Красногорск;Химки
Иксплитка;Белозерская ул., 23Г;Химки
Дом Лента;Пятницкое ш., 1, стр. 1, п. г. т. Отрадное;Химки
Керамикс Студио;Дмитровское ш., 165, корп. 1;Химки
Дом плитки;Шоссейная ул., 136, д. Челобитьево;Химки
Пентакерамика;Дмитровское ш., 163А, корп. 2;Химки
Арткерамика М, склад;ул. Горем-28, 37, рабочий посёлок Нахабино;Химки
Kerama Marazzi;ул. Гоголя, 2;Химки
Керами;Панфиловский просп., 8;Химки
Ватра Керамика;ул. Пришвина, 26;Химки
ЗелКерамик;Московская область, Пятницкое шоссе, 18-й километр, с2;Химки
Керам Маркет;Ярославское ш., 67;Химки
Керамир;Благовещенская ул., 4А, Красногорск;Химки
A style Italon;Заречная ул., 11/2, микрорайон Новогорск, Химки;Химки
Neodom;Машкинское ш., с1, Химки;Химки
Просто Керамика;ул. Вахнеевка, 11А, д. Брёхово;Химки
Плитка-мир;Волоколамское ш., 103;Химки
Ленплитка;Ленинградское ш., 25;Химки
Zelplitka;Пятницкое ш., 18, стр. 2, д. Брёхово;Химки
Kerama Marazzi;Благовещенская ул., 4А, Красногорск;Химки
ИП Свиридов С.Г.;Дмитровское ш., 58/9, д. Грибки;Химки
Плитка;Пятницкое ш., 2, д. Юрлово;Химки
Eclat Ceramic;ул. Свободы, 99, корп. 1;Химки
Керамогранит грандформат;Ленинградское ш., 25;Химки
АСД Комплект;Вашутинское ш., вл13, Химки;Химки
Ceramstudio;ул. Василия Петушкова, 3, корп. 3, стр. 3;Химки
Жар плитка;Осташковское ш., 2, Мытищи;Химки
МастерДом;ул. Пришвина, 26;Химки
Гранитека про;Первомайская ул., 5, Красногорск;Химки
Плитка;Жилинская ул., 27, корп. 3, п. г. т. Андреевка;Химки
Все для ремонта дома;Дмитровское ш., 165, корп. 1;Химки
Топ-керамика;Сходненский тупик, 16, стр. 4;Химки
Неодом;Ленинградское ш., 25;Химки
Лемана Про;Осташковское ш., 1, Мытищи;Химки
Керагрес;Лагерная ул., 20, рабочий посёлок Нахабино;Химки
СК Холдинг;Ленинградское ш., 69, корп. 1;Химки
Ватра Керамика;Флотская ул., 5А;Химки
CeramicGroup;Дмитровское ш., 100, стр. 2;Химки
Империя керамики. Кристал М;Московская область, Химки, микрорайон Сходня;Химки
Керамогранит в Интерьере;д. Поярково, 10;Химки
Керамогранит;рабочий посёлок Андреевка, с25Г;Химки
Neodom;Ново-Никольская ул., 122, стр. 1, Красногорск;Химки
Neodom;ул. Пришвина, 26;Химки
Керамос;Волоколамское ш., 142, стр. 1;Химки
Отделкино City;Локомотивный пр., 4;Химки
Керамаворлд;Алтуфьевское ш., 79А, стр. 3;Химки
Керамическая плитка;д. Ленино, 2Б, стр. 4;Химки
Керасон;Смольная ул., 12;Химки
Москерамогранит;Осташковское ш., 4, стр. 2, Мытищи;Химки
Ditiles.ru;Успенская ул., 4А, Красногорск;Химки
Creto;д. Жилино, с1;Химки
Твои Полы;Дмитровское ш., 163А, корп. 1;Химки
Estima;ул. Пришвина, 26;Химки
Отделкино City;Ботаническая ул., 14;Химки
Керамическая плитка;Волоколамское ш., 103;Химки
Керагрес;Советская ул., 115А, п. г. т. Нахабино;Химки
Керамическая плитка;Московская область, Пятницкое шоссе, 18-й километр, с2;Химки
Плитка камень;Волоколамское ш., 103;Химки
ЕвроГрупп;Московская область, городской округ Красногорск, Пятницкое шоссе, 6-й километр, 55А;Химки
МаксалСтрой;Светлая ул., 3А, стр. 4, Красногорск;Химки
Creto;Зеленоград, к514с2;Химки
Ceramica Decor;ул. Свободы, 99, корп. 1;Химки
СТС Керамика;ул. Свободы, 35, стр. 3;Химки
Керамическая плитка;Дмитровское ш., 124А;Химки
Laparet;п. г. т. Ржавки, 2-й микрорайон, 56-1;Химки
Mg-Ceramic;Осташковское ш., вл4с4, Мытищи;Химки
Керам Холдинг;Ленинградское ш., 25;Химки
Гидрорезка керамогранита;Московская область, городской округ Химки, территория Промышленная Зона, 12П;Химки
Мода Керамикс;Алтуфьевское ш., 44;Химки
Плитка;Зеленоград, к1106Е;Химки
Керамикмир;Сгонниковская ул., 4, стр. 1, д. Сгонники;Химки
Склад;Автомоторная ул., 2Б, стр. 1;Химки
Верома Строй;ул. Малыгина, 7;Химки
Италон;ул. Пришвина, 26;Химки
Керамическая плитка;Дмитровское ш., 58/9, д. Грибки;Химки
Керамическая плитка;Осташковское ш., 4, стр. 2, Мытищи;Химки
Azori;Промышленная ул., 11, Лобня;Химки
Step-up. Studio;Московская область, городской округ Солнечногорск, деревня Поярково, Новая улица, 177;Химки
Урбанист;Ленинградское ш., 25;Химки
TileStudio;Дмитровское ш., 124А;Химки
Петрович;Дмитровское ш., 56/2, д. Грибки;Химки
Kerama Marazzi;ул. Пришвина, 26;Химки
Кермика;д. Путилково, территория Гринвуд, с1;Химки
КерамикаШоп;Ленинградское ш., 25;Химки
Культура плитки;Ленинградское ш., 25;Химки
А-Керамика;д. Челобитьево, вл4с1;Химки
Creto;Дмитровское ш., 118, корп. 1;Химки
Неодом;Дмитровское ш., 163А, корп. 1;Химки
Керамин Москва;Промышленная ул., 2, д. Грибки;Химки
Creto;Волоколамское ш., 103;Химки
Kevis Керамика;Проектируемый пр. № 727, 24, стр. 2;Химки
Kerama Marazzi;ул. Лётчика Бабушкина, 6;Химки
Макслевел, салон сантехники;Осташковское ш., 2, Мытищи;Химки
Крепкий дом;Зеленоград, к1801;Химки
Плитка-Керамогранит;Осташковское ш., вл4с4, Мытищи;Химки
МосМоллКерамика;Дмитровское ш., 100, стр. 2;Химки
СИП-Маркет;Смольная ул., 24А;Химки
КЦ Старопетровское;Походный пр., 14;Химки
КерамоФасад;Дмитровское ш., 100;Химки
Kerama Marazzi;Ярославское ш., 18, корп. 2;Химки
Мастерская фотоплитки;ул. Свободы, 35, стр. 7;Химки
Экодом;Смольная ул., 12;Химки
Laparet;Ботаническая ул., 14;Химки
Cerrad-plitka.ru;Дмитровское ш., 100, стр. 2;Химки
Плитка;п. г. т. Андреевка, с25Г;Химки
Creto;ул. Красная Сосна, 2А;Химки
PlitkaPlus;д. Челобитьево, вл4с1;Химки
Керамогранит Дагестан;Новгородская ул., 1;Химки
WasserKRAFT;ул. Горького, 1, стр. 2, микрорайон Шереметьевский, Долгопрудный;Химки
Строй Сити;ул. Радио, 3, стр. 1;Химки
Creto;Осташковское ш., вл4с8, Мытищи;Химки
Строймаркет;Путилковское шоссе, 18Б;Химки
Kevis Керамика;Смольная ул., 12;Химки
Альянс Керамика;Волоколамское ш., 142, стр. 1;Химки
Ремлайт;Московская область, Пятницкое шоссе, 18-й километр, с2;Химки
Аристократ Паркет;Фестивальная ул., 13, корп. 1;Химки
Москерамика;ул. Прянишникова, 19А, стр. 4;Химки
Авалон Мозаик;Головинское ш., 12;Химки
ХозСтройДом;Парковый бул., 2, корп. 2, п. г. т. Голубое;Химки
Композиция пространства;Волоколамское ш., 116, стр. 1;Химки
Плиточник;Осташковское ш., 4, стр. 6, Мытищи;Химки
Группа Компаний Фиксал;Новосходненское ш., 3А, стр. 3;Химки
Сангрес;пр. Серебрякова, 14, стр. 15;Химки
Главстройбаза;Московская область, городской округ Солнечногорск, 2А;Химки
Topsantex;Московская область, Пятницкое шоссе, 18-й километр, с2;Химки
Maimoon;Чермянский пр., 7;Химки
Laparet;ул. Пришвина, 26;Химки
Керамакс;Ленинградское ш., 25;Химки
Завод керамических изделий;Центральная ул., вл88с1, д. Новосельцево;Химки
Infinity Marble;Волоколамское ш., 142;Химки
Роял керамика;Автомоторная ул., 7;Химки
Кроматика;Илимская ул., 9, стр. 1;Химки
Глебычевский Керамический завод;ул. Карбышева, 17, корп. 2, Красногорск;Химки
Лотос-Маркет;Гостиничная ул., 7А, корп. 2;Химки
Атлас Групп;Спасская ул., 1А, Красногорск;Химки
Мозаикаскидка.ру;Анадырский пр., 8;Химки
Евротайл;Осташковское ш., вл4с4, Мытищи;Химки
Плитка;Первомайская ул., 5, Красногорск;Химки
Таврост;Походный пр., 7;Химки
Сантехника-Онлайн;Волоколамское ш., 116, стр. 1;Химки
СуперСтрой;ул. Белобородова, 1, рабочий посёлок Нахабино;Химки
Клинкер Рус;Михалковская ул., 9;Химки
Сантехника;ул. Гагарина, 10, Дедовск;Химки
Вега;Советская ул., 90, корп. 1, рабочий посёлок Нахабино;Химки
Хозяин;Московская область, городской округ Красногорск, Пятницкое шоссе, 6-й километр, 55А;Химки
Флюгер;Ленинградское ш., 25;Химки
Onetouch;Ярославское ш., 42;Химки
Магкреп;Осташковское ш., вл4с8, Мытищи;Химки
Керамическая плитка;ул. Радио, 3, стр. 1;Химки
Прорабыч;ул. Гагарина, 10, Дедовск;Химки
Аргелит Керамика;Дмитровское ш., 100, стр. 2;Химки
Respace;ул. Лавочкина, 32;Химки
Асфарфор;Силикатная ул., 2, корп. 25, Лобня;Химки
Водолей-Стайл;ул. Адмирала Макарова, 6, стр. 13;Химки
Мир плитки;Алабушевская ул., с1, п. г. т. Андреевка;Химки
Керамическая плитка;п. г. т. Андреевка, с25Г;Химки
Maimoon;Берёзовая аллея, 12А;Химки
Амин Строй;Осташковское ш., 4, стр. 2, Мытищи;Химки
Porcious;ул. Красная Сосна, 2А;Химки
Diwo;ул. Красная Сосна, 2А;Химки
ТК Давыдов;Дмитровское ш., 100, стр. 2;Химки
Plitka Plus;ул. Пришвина, 26;Химки
Нижегородская Керамика;Алтуфьевское ш., 41А, стр. 5;Химки
Авалон-конвент, склад;2-й Лихачёвский пер., 7;Химки
ЦементМаркет;ул. Панфилова, 37, рабочий посёлок Нахабино;Химки
Строй рай;п. г. т. Андреевка, 25Д;Химки
Реал Брик;Ярославское ш., 19, стр. 1;Химки
Стройцентр;садовое товарищество Лесной посёлок, 2А/1;Химки
Стройдвор;Осташковское ш., вл4с9, Мытищи;Химки
Байкал Инвест;ул. Молодцова, 4А;Химки
Город Мозаик;Алтуфьевское ш., 27;Химки
Стоун Лидер;ул. Полковника Романова, 11, ЖК Датский Квартал, посёлок Нагорное;Химки
Толедо М;ул. Коминтерна, 7, корп. 2;Химки
КерамаЛенд;Анадырский пр., 63А;Химки
Интерио Плитка;Белозерская ул., 23Г;Химки
Стройдвор;Берёзовая аллея, 10/1;Химки
Строительный магазин;Осташковское ш., вл4с9, Мытищи;Химки
Аква Санит;ул. Пришвина, 26;Химки
Sanindusa;Ижорская ул., 8, стр. 2;Химки
Магазин дверей;Дмитровское ш., 165, корп. 1;Химки
Делайт;Нововладыкинский пр., 1, корп. 2;Химки
Центр фасадов и интерьеров;Дмитровское ш., 100, корп. 2;Химки
ИП Давлаткадамова К. М.;Московская область, Пятницкое шоссе, 18-й километр, с2;Химки
Напольные покрытия;ул. Маршала Федоренко, 12;Химки
Стройдвор;Московская область, городской округ Мытищи, деревня Челобитьево;Химки
ArtStone;Выборгская ул., 22, стр. 1;Химки
Водопарофф. ру;Осташковское ш., 2, Мытищи;Химки
Квадратный Метр;Гостиничная ул., 3;Химки
Дизайн Империя;ул. Докукина, 10, стр. 6;Химки
Интикс;Осташковское ш., вл5с1, Мытищи;Химки
Смеси-здесь.ру;ул. Красный Посёлок, 2А, Мытищи;Химки
ТрейдИнструмент;Осташковское ш., 4, стр. 2, Мытищи;Химки
Олимп Эль;Чермянский пр., 7;Химки
Паркет на диване;Ленинградское ш., 36, корп. 1;Химки
Империя Керамики;ул. Калинина, 107, Чебоксары;Чебоксары
Плитка Park;Гаражный пр., 7, корп. 2, Чебоксары;Чебоксары
Плитка Даром;Складской пр., 10, корп. 4, Чебоксары;Чебоксары
КераМикс;просп. Максима Горького, 32/25, Чебоксары;Чебоксары
Kerama Marazzi;ул. Калинина, 25, Чебоксары;Чебоксары
КерамоМаркет;ул. Калинина, 111, корп. 1, Чебоксары;Чебоксары
Стройцентр Инком;ул. Фридриха Энгельса, 31, Чебоксары;Чебоксары
Дом Плитки;ул. Константина Иванова, 81, корп. 1, Чебоксары;Чебоксары
Чешская плитка;просп. Максима Горького, 49, Чебоксары;Чебоксары
Плитка Ламинат;ул. Калинина, 86, Чебоксары;Чебоксары
Гранит керамический;Московский просп., 16, Чебоксары;Чебоксары
Italon;ул. Калинина, 25, Чебоксары;Чебоксары
Estima;ул. Пирогова, 10Г, корп. 1, Чебоксары;Чебоксары
Artfloor. Studio;просп. И.Я. Яковлева, 4Б, Чебоксары;Чебоксары
Kerama Marazzi;просп. Мира, 72, Чебоксары;Чебоксары
Стройландия;ул. Космонавта Андрияна Григорьевича Николаева, 14Б, Чебоксары;Чебоксары
Строительный мир;просп. Тракторостроителей, 36, корп. 1, Чебоксары;Чебоксары
Эрмитаж;Ярославская ул., 29, Чебоксары;Чебоксары
Neodom;Ярославская ул., 29, Чебоксары;Чебоксары
Арт Стиль;ул. Пирогова, 1, корп. 1, Чебоксары;Чебоксары
Точка керамогранита;просп. Мира, 4, Чебоксары;Чебоксары
Рост;Чувашская Республика — Чувашия, Чебоксары, Складской проезд;Чебоксары
Белый кит;ул. Юрия Гагарина, 37, Чебоксары;Чебоксары
СтройРум;Марпосадское ш., 1Б, Чебоксары;Чебоксары
Мастер-групп;Складской пр., 6, Чебоксары;Чебоксары
Bath Studio;Водопроводная ул., 12, Чебоксары;Чебоксары
Рост;просп. Мира, 4, Чебоксары;Чебоксары
Ютвуд;просп. И.Я. Яковлева, 23, Чебоксары;Чебоксары
Аквастиль;ул. Юрия Гагарина, 36, Чебоксары;Чебоксары
Santek;Базовый пр., 21А, Чебоксары;Чебоксары
Дома;просп. Максима Горького, 19, Чебоксары;Чебоксары
Дом Плитки;Гаражный пр., 7, корп. 2, Чебоксары;Чебоксары
Нелмар;Складской пр., 10, корп. 4, Чебоксары;Чебоксары
Артхаус;ул. Сергия Радонежского, 11, Чебоксары;Чебоксары
СтройТорг;просп. Тракторостроителей, 36, корп. 1, Чебоксары;Чебоксары
Лемана Про;Октябрьский просп., 23, Череповец;Череповец
Мастер Плиткин;ул. Раахе, 33А, Череповец;Череповец
Рим;Архангельская ул., 15А, Череповец;Череповец
Мосплитка;Рыбинская ул., 76, Череповец;Череповец
Аксон;Рыбинская ул., 59, Череповец;Череповец
Венеция;ул. Ленина, 86, Череповец;Череповец
Идеи для дома;Архангельская ул., 47, Череповец;Череповец
Decoroom;ул. Раахе, 50, Череповец;Череповец
Ремонт квартир в Череповце;Советский просп., 31, Череповец;Череповец
Сантехника-Онлайн;Рыбинская ул., 59, Череповец;Череповец
Центр СМ;Архангельская ул., 47А, Череповец;Череповец
Интерьер;ул. Ленина, 90, Череповец;Череповец
Ветеран;Степная ул., 55, Энгельс;Энгельс
Laparet;Степная ул., 57, Энгельс;Энгельс
Плитка.ру;Студенческая ул., 68К, Энгельс;Энгельс
Волгакерамика;просп. Фридриха Энгельса, 83, Энгельс;Энгельс
Kerama Marazzi;Степная ул., 57, Энгельс;Энгельс
Стройдвор;ул. Маяковского, 157, Энгельс;Энгельс
Стройландия;просп. Химиков, 1, стр. 5, Энгельс;Энгельс
Плитка House;ул. Калинина, 5А, Энгельс;Энгельс
Тесар Керамика;площадь Ленина, 24, Энгельс;Энгельс
Плитка керамогранит;ул. Маяковского, 182, Энгельс;Энгельс
Стройматериалы;ул. Нестерова, 77, Энгельс;Энгельс
Дом отделочных материалов;Саратовская ул., 27, Энгельс;Энгельс
Плитка;Студенческая ул., 205, корп. 5, Энгельс;Энгельс
Главхозторг;Придорожная ул., 10/1, посёлок Пробуждение;Энгельс
Axima;просп. Химиков, 1, стр. 29, Энгельс;Энгельс
Дверной салон;ул. Тельмана, 26, Энгельс;Энгельс
Колорит;ул. имени И.В. Мичурина, 159, Саратов;Энгельс
БонТон Керамика;ул. имени Н.Г. Чернышевского, 126, Саратов;Энгельс
Ти Косс;ул. Гагарина, 80, рабочий посёлок Приволжский;Энгельс
Студия интерьера Квадратный метр;ул. Носкова, 12, Ярославль;Ярославль
Керамир;ул. Полушкина Роща, 9, стр. 13, Ярославль;Ярославль
Дворец плитки;Московский просп., 1А, Ярославль;Ярославль
Русалин;Магистральная ул., 24, стр. 3, Ярославль;Ярославль
Галерея плитки;ул. Полушкина Роща, 9, стр. 14, Ярославль;Ярославль
Керамаркет;ул. Вспольинское Поле, 14, Ярославль;Ярославль
Ceramic Store;ул. Лисицына, 57, Ярославль;Ярославль
Мосплитка;Московский просп., 55А, Ярославль;Ярославль
Мосплитка;ул. Полушкина Роща, 9, стр. 14, Ярославль;Ярославль
Керамир;Ярославль, улица Вспольинское Поле;Ярославль
Максикерам;просп. Октября, 84А, Ярославль;Ярославль
Ceramic Store;ул. Полушкина Роща, 9, стр. 13, Ярославль;Ярославль
Maxikeram магазин плитки;пр. Связистов, 7, Ярославль;Ярославль
Kerama Marazzi;просп. Ленина, 16, Ярославль;Ярославль
Италон;Волжская наб., 73, Ярославль;Ярославль
Эстет Керамика;ул. Чкалова, 2, Ярославль;Ярославль
Kerama Marazzi;Ленинградский просп., 49, Ярославль;Ярославль
Кит;просп. Фрунзе, 30, Ярославль;Ярославль
Laparet;ул. Полушкина Роща, 9, стр. 13, Ярославль;Ярославль
Интериум - интерьерный салон;ул. Полушкина Роща, 1, Ярославль;Ярославль
Кафелье;ул. Полушкина Роща, 9, стр. 14, Ярославль;Ярославль
Neodom;ул. Полушкина Роща, 1, Ярославль;Ярославль
Ванные комнаты;Ярославль, улица Вспольинское Поле;Ярославль
Ламинам;Волжская наб., 73, Ярославль;Ярославль
Седрус маркет;ул. Полушкина Роща, 9, стр. 13, Ярославль;Ярославль
Центр СМ;ул. Громова, 13, Ярославль;Ярославль
Хром;просп. Ленина, 11, Ярославль;Ярославль
Геометрия;Московский просп., 78, Ярославль;Ярославль
Dom сантехники;просп. Фрунзе, 38, Ярославль;Ярославль
Сантехника-Онлайн;ул. Полушкина Роща, 9, стр. 13, Ярославль;Ярославль
Яркер;Промышленная ул., 1Б, Ярославль;Ярославль
Геометрия;ул. Полушкина Роща, 9, стр. 13, Ярославль;Ярославль
Pocket Muse;ул. Салтыкова-Щедрина, 3, Ярославль;Ярославль
Ванные комнаты;Угличская ул., 12Б, Ярославль;Ярославль
Woodline;просп. Октября, 11, Ярославль;Ярославль
Дядюшка плинтус;ул. Полушкина Роща, 9, стр. 14, Ярославль;Ярославль
Лемана Про;посёлок Красный Бор, с1Ак1;Ярославль
Домикс;ул. Полушкина Роща, 9, стр. 13, Ярославль;Ярославль
Евросклад;ул. Вспольинское Поле, 3, Ярославль;Ярославль
Лемана Про;Дорожная ул., 6В, посёлок Нагорный;Ярославль
Тандем;ул. Полушкина Роща, 9, стр. 14, Ярославль;Ярославль
Олимпия;Промышленная ул., 3, д. Кузнечиха (Кузнечихинский сельский округ);Ярославль
Тандем, корпус Б;ул. Полушкина Роща, 9, стр. 13, Ярославль;Ярославль
Егорстрой;ул. Лисицына, 56, Ярославль;Ярославль
ОСП;Ярославский муниципальный округ, деревня Кузнечиха (Кузнечихинский сельский округ);Ярославль
Первый Строительный;Ярославский район, Кузнечихинское сельское поселение, деревня Кузнечиха (Кузнечихинский сельский округ);Ярославль
Промтовары;рабочий посёлок Лесная Поляна, 37;Ярославль
Керамир;ул. Полушкина Роща, 9, стр. 13, Ярославль;Ярославская обл
Олимпия;Промышленная ул., 3, д. Кузнечиха (Кузнечихинский сельский округ);Ярославская обл
Лемана Про;Дорожная ул., 6В, посёлок Нагорный;Ярославская обл
Лемана Про;посёлок Красный Бор, с1Ак1;Ярославская обл
Галерея плитки;ул. Полушкина Роща, 9, стр. 14, Ярославль;Ярославская обл
Русалин;Магистральная ул., 24, стр. 3, Ярославль;Ярославская обл
Керамаркет;ул. Вспольинское Поле, 14, Ярославль;Ярославская обл
Ceramic Store;ул. Лисицына, 57, Ярославль;Ярославская обл
Мосплитка;Московский просп., 55А, Ярославль;Ярославская обл
Максикерам;просп. Октября, 84А, Ярославль;Ярославская обл
Керамир;Ярославль, улица Вспольинское Поле;Ярославская обл
Ceramic Store;ул. Полушкина Роща, 9, стр. 13, Ярославль;Ярославская обл
Kerama Marazzi;Ленинградский просп., 49, Ярославль;Ярославская обл
Эстет Керамика;ул. Чкалова, 2, Ярославль;Ярославская обл
Maxikeram магазин плитки;пр. Связистов, 7, Ярославль;Ярославская обл
Мосплитка;ул. Полушкина Роща, 9, стр. 14, Ярославль;Ярославская обл
Kerama Marazzi;просп. Ленина, 16, Ярославль;Ярославская обл
Студия интерьера Квадратный метр;ул. Носкова, 12, Ярославль;Ярославская обл
Кафелье;ул. Полушкина Роща, 9, стр. 14, Ярославль;Ярославская обл
